SEX,LENGTH,DIAM,HEIGHT,WHOLE,SHUCK,RINGS,CLASS,VOLUME,RATIO
I,5.565,4.095,1.26,11.5,4.3125,6,A1,28.7137305,0.150189471
I,3.675,2.625,0.84,3.5,1.1875,4,A1,8.103375,0.146543878
I,10.08,7.35,2.205,79.375,44,6,A1,163.36404,0.26933712
I,4.095,3.15,0.945,4.6875,2.25,3,A1,12.18979125,0.184580683
I,6.93,4.83,1.785,21.1875,9.875,6,A1,59.7473415,0.16527932
I,7.875,6.09,2.1,27.375,11.5625,6,A1,100.713375,0.114806003
I,6.3,4.62,1.68,16.029375,5.9375,5,A1,48.89808,0.121426036
I,6.615,4.935,1.575,18.5625,7.3125,6,A1,51.41591438,0.142222502
I,5.25,3.885,1.365,8.875,3.375,5,A1,27.84088125,0.121224611
I,6.615,4.83,1.47,20.5,7.8125,6,A1,46.9671615,0.166339624
I,6.195,4.62,1.47,17.0625,7.1875,6,A1,42.072723,0.170835151
I,5.67,4.2,1.47,12.5,4.25,5,A1,35.00658,0.121405747
I,4.515,3.255,1.26,6.759375,2.625,5,A1,18.5173695,0.141758796
I,5.88,4.2,1.575,15.3125,6.8125,5,A1,38.8962,0.175145644
I,6.3,4.83,1.785,14.625,6.25,6,A1,54.315765,0.115067881
I,3.885,2.835,0.84,3.375,1.3125,5,A1,9.251739,0.141865221
I,8.085,5.88,2.625,30.5,12.75,6,A1,124.791975,0.102170031
I,4.305,3.15,1.365,5.665,2.5,4,A1,18.51042375,0.135059037
I,7.455,5.67,1.575,22.1875,9.875,6,A1,66.57501375,0.148328922
I,8.4,6.09,2.1,33.4375,15.0625,5,A1,107.4276,0.140210709
I,9.135,6.825,2.31,45.875,19.9375,6,A1,144.0201263,0.138435513
I,6.93,4.305,1.995,19.9375,9.625,5,A1,59.51813175,0.161715425
I,7.14,5.355,1.575,22.5,9.3125,6,A1,60.2196525,0.154642208
I,6.3,4.935,1.68,16.375,6.25,4,A1,52.23204,0.119658355
I,8.4,6.3,2.415,39.75,16.6875,6,A1,127.8018,0.130573278
I,3.465,2.52,0.63,2.6875,0.875,3,A1,5.501034,0.159061006
I,8.61,6.72,1.995,36.3125,17.625,5,A1,115.429104,0.152691127
I,7.77,5.775,1.68,29.0625,11.625,6,A1,75.38454,0.154209338
I,3.99,2.94,0.63,3.9375,1.5625,3,A1,7.390278,0.211426417
I,5.46,4.2,1.47,11.5,4.625,6,A1,33.71004,0.137199481
I,6.405,4.725,1.89,18.3125,7.875,6,A1,57.19825125,0.137679034
I,7.98,6.09,2.1,29.625,13.5,6,A1,102.05622,0.132280032
I,5.88,4.515,1.68,16.5,9,5,A1,44.600976,0.201789306
I,7.665,5.67,1.785,24.625,10.1875,6,A1,77.57708175,0.131321001
I,9.24,7.245,2.415,68.125,33.625,6,A1,161.669277,0.207986332
I,5.04,3.675,1.155,8.8125,3.125,5,A1,21.39291,0.146076434
I,4.305,3.255,0.945,6.1875,2.9375,3,A1,13.24207238,0.221830837
I,5.25,3.78,1.26,9.125,3.5,5,A1,25.0047,0.139973685
I,5.775,4.62,1.68,17.0625,7.0625,6,A1,44.82324,0.157563353
I,7.35,5.25,1.47,22.5,8.1875,6,A1,56.723625,0.144340211
I,6.3,4.62,1.365,15.4375,7.375,5,A1,39.72969,0.185629437
I,2.835,2.73,0.84,3.625,1.5625,4,A1,6.501222,0.240339432
I,4.2,3.045,0.525,4.3125,1.375,5,A1,6.714225,0.204789086
I,4.725,3.36,0.945,7.08125,3.125,4,A1,15.00282,0.208294174
I,6.825,5.04,1.575,19,8.125,6,A1,54.17685,0.149971805
I,7.77,5.88,2.1,27.625,14.5625,6,A1,95.94396,0.151781311
I,8.61,6.825,2.1,40.5625,16.5,6,A1,123.402825,0.133708446
I,7.98,5.985,1.785,29.625,14.375,6,A1,85.2521355,0.168617477
I,6.72,4.935,1.365,17.3125,7.25,5,A1,45.267768,0.160158106
I,6.51,4.935,1.47,18.875,7.875,6,A1,47.2264695,0.166749708
I,7.665,5.67,1.785,23.4375,10.125,6,A1,77.57708175,0.13051535
I,9.87,7.455,2.52,46.0625,15.75,6,A1,185.423742,0.084940579
I,3.78,2.73,0.945,4.055625,1.5625,3,A1,9.751833,0.160226288
I,7.14,5.145,1.785,25.1875,12.5625,6,A1,65.5725105,0.191581806
I,8.295,6.3,1.89,35.6875,17.3125,5,A1,98.768565,0.175283502
I,8.715,6.615,1.89,45.3125,21.875,6,A1,108.9579803,0.200765469
I,3.465,2.52,1.05,3.3475,0.9375,3,A1,9.16839,0.102253504
I,6.72,4.305,1.68,22.625,11,5,A1,48.601728,0.226329401
I,8.4,6.51,2.1,38.25,16.25,6,A1,114.8364,0.141505655
I,7.35,5.25,1.575,21.1875,10.4375,6,A1,60.7753125,0.171739142
I,6.825,5.04,1.575,23.375,10.3125,6,A1,54.17685,0.19034883
I,8.4,6.195,1.995,31.5,13.8125,6,A1,103.81581,0.133048136
I,5.355,3.99,1.575,10.8125,4.3125,5,A1,33.65215875,0.128149283
I,8.82,6.615,2.1,42.9375,19.625,6,A1,122.52303,0.160173969
I,2.73,1.995,0.735,1.93125,0.625,4,A1,4.00306725,0.156130277
I,8.82,6.405,1.89,41,21,6,A1,106.770069,0.196684335
I,5.04,3.675,0.945,9.65625,3.9375,5,A1,17.50329,0.224957708
I,7.665,5.67,1.89,26.9375,12.5625,6,A1,82.1404395,0.152939284
I,6.3,4.83,1.575,15.875,6.5,6,A1,47.925675,0.135626676
I,7.98,5.775,2.31,32,13.75,6,A1,106.455195,0.12916232
I,9.66,7.245,2.415,52.6875,23.6875,6,A1,169.0178805,0.140147894
I,3.36,2.31,0.525,2.25,0.8125,3,A1,4.07484,0.199394332
I,5.88,4.41,1.785,13.4375,5.1875,5,A1,46.286478,0.112073768
I,7.98,5.88,1.785,34.1875,14.375,6,A1,83.756484,0.171628503
I,4.935,3.675,1.365,7.6875,2.5625,6,A1,24.75581063,0.103511052
I,8.4,6.615,2.1,40.3125,17.875,6,A1,116.6886,0.153185487
I,4.83,3.57,1.05,7.125,3.25,5,A1,18.105255,0.179505895
I,7.56,5.88,1.68,25.943125,10.125,6,A1,74.680704,0.13557719
I,7.875,6.09,1.995,35.9375,15.375,6,A1,95.67770625,0.160695742
I,6.72,4.725,1.785,17.6875,8.4375,6,A1,56.67732,0.148869071
I,7.14,5.46,1.68,25,10,6,A1,65.493792,0.152686227
I,8.505,6.3,2.205,38,18.1875,6,A1,118.1472075,0.153939313
I,9.87,7.35,2.625,53.9375,23.75,6,A1,190.4293125,0.124718194
I,9.87,7.98,2.625,60.5625,26.375,6,A1,206.751825,0.127568402
I,6.195,4.83,1.68,20.3125,8.125,5,A1,50.268708,0.161631367
I,7.77,5.67,1.995,27.1875,12.125,6,A1,87.8915205,0.13795415
I,2.73,2.1,0.63,1.625,0.5625,3,A1,3.61179,0.155739952
I,8.925,6.93,2.415,40.8125,16.4375,6,A1,149.3683538,0.110046737
I,3.36,2.31,0.525,2.4375,0.9375,4,A1,4.07484,0.230070383
I,4.515,3.57,1.155,7.5625,2.5625,6,A1,18.61692525,0.137643567
I,9.03,7.14,2.205,55.0625,29.8125,6,A1,142.165611,0.209702612
I,8.715,6.615,2.1,45.5625,22.0625,8,A2,121.0644225,0.182237684
I,8.61,6.3,2.1,35.25,15.6875,7,A2,113.9103,0.137718011
I,7.56,5.67,1.995,25,9.125,8,A2,85.516074,0.106705086
I,8.295,6.72,2.1,38.4375,18.625,8,A2,117.05904,0.159107746
I,9.975,7.35,2.1,56.8125,27.0625,7,A2,153.964125,0.175771466
I,8.61,6.51,1.89,42.375,19.375,7,A2,105.936579,0.182892445
I,10.92,8.61,2.31,64.8125,27.0625,8,A2,217.188972,0.124603472
I,10.92,8.19,2.73,69.3125,29.4375,7,A2,244.157004,0.120567911
I,11.55,9.45,2.94,94.125,43.0625,8,A2,320.89365,0.13419555
I,11.445,9.135,2.835,96.4375,46.5,8,A2,296.3994626,0.156882876
I,7.665,5.67,1.785,25.625,9.75,7,A2,77.57708175,0.125681448
I,9.135,7.875,2.31,51.9375,21.25,8,A2,166.1770688,0.127875646
I,9.975,7.56,3.045,79.0625,35.3125,8,A2,229.626495,0.153782341
I,6.93,4.725,1.575,23.375,11.8125,7,A2,51.57219375,0.229047848
I,9.975,8.085,2.31,71.6875,38.875,7,A2,186.2965913,0.208672632
I,11.55,8.925,3.15,95.8125,42.375,8,A2,324.7138125,0.13049953
I,11.025,8.295,2.52,76,37.125,8,A2,230.459985,0.161090872
I,9.87,7.875,2.52,60.875,24.5,8,A2,195.87015,0.125082867
I,10.71,8.085,3.045,95.8125,49.8125,8,A2,263.6676158,0.18892157
I,7.455,5.46,1.89,24.0625,9.625,8,A2,76.931127,0.125111907
I,7.77,5.67,1.89,23.1875,8.75,7,A2,83.265651,0.105085349
I,12.075,9.03,2.73,92.8125,36.1875,8,A2,297.6716925,0.121568496
I,9.345,6.72,2.52,47.25,19,8,A2,158.251968,0.120061698
I,11.655,9.135,2.94,95.625,49.3125,8,A2,313.0171695,0.157539282
I,10.92,8.61,2.52,74.375,29.8125,8,A2,236.933424,0.125826485
I,8.925,6.3,1.995,43.9375,17.625,8,A2,112.1738625,0.157122164
I,8.505,6.3,1.785,37.9375,18.75,7,A2,95.6429775,0.196041576
I,9.135,6.825,2.52,49.9375,22.6875,8,A2,157.112865,0.144402561
I,8.61,6.615,1.995,35.0625,14.25,7,A2,113.6255243,0.125411963
I,8.19,5.88,1.89,26.875,10.5625,8,A2,91.017108,0.116049611
I,8.925,6.51,1.995,38.4375,17.375,7,A2,115.9129913,0.149896917
I,9.345,7.245,2.52,50.4375,21.125,7,A2,170.615403,0.123816488
I,7.875,6.09,2.94,37.5,17.5,8,A2,140.998725,0.124114597
I,8.61,6.825,2.205,45.125,20.0625,8,A2,129.5729663,0.154835538
I,9.66,7.14,1.89,48,22.4375,8,A2,130.357836,0.172122372
I,9.03,6.615,2.415,48,23.5625,8,A2,144.2562818,0.163337774
I,8.19,6.615,1.89,38.6875,18.375,7,A2,102.3942465,0.179453442
I,8.505,6.3,2.52,40.5,15.8125,7,A2,135.02538,0.117107613
I,12.285,9.45,3.15,111.4375,49.6875,8,A2,365.6937375,0.135871892
I,10.395,7.875,2.415,71.9375,38.75,8,A2,197.6934094,0.196010581
I,9.45,7.035,1.995,43.8125,20.1875,7,A2,132.6290963,0.15221019
I,10.185,7.77,2.94,63.3125,30.3125,8,A2,232.664103,0.130284387
I,9.45,6.93,2.205,46.4375,23.3125,7,A2,144.4021425,0.16144151
I,7.98,5.985,1.995,30.375,11.1875,7,A2,95.2817985,0.11741487
I,7.35,5.88,1.575,24.5,10.25,8,A2,68.06835,0.150583935
I,8.295,6.51,1.785,39.625,19.125,7,A2,96.39080325,0.198411045
I,8.085,5.88,1.995,32.125,14.875,7,A2,94.841901,0.15683996
I,6.93,5.355,1.68,25.625,11.1875,7,A2,62.345052,0.179444874
I,11.445,8.505,2.73,82.25,40.875,8,A2,265.7374493,0.153817236
I,5.565,4.095,1.155,10.5,4.5625,7,A2,26.32091963,0.173341208
I,7.875,6.405,2.415,33.9375,11.5,8,A2,121.8110906,0.094408481
I,11.13,8.82,2.52,74.5625,31.9375,7,A2,247.379832,0.129103087
I,7.665,5.67,1.785,27.8125,11.6875,7,A2,77.57708175,0.150656608
I,6.72,5.04,1.575,21.6875,9.5,7,A2,53.34336,0.178091519
I,9.24,7.14,2.1,47.375,21.5625,7,A2,138.54456,0.155635847
I,6.09,4.305,1.47,12.1875,4.5,8,A2,38.5396515,0.116762862
I,9.45,7.035,2.205,45.25,19.6875,7,A2,146.5900538,0.134303109
I,9.45,7.035,2.415,49.1875,24.375,7,A2,160.5510113,0.151820906
I,10.605,8.505,2.73,75.1875,37.6875,8,A2,246.2337833,0.153055765
I,9.135,6.615,2.31,46.0625,20.1875,7,A2,139.5887378,0.144621266
I,8.82,6.3,2.205,39.5,15.6875,7,A2,122.52303,0.128037154
I,10.185,7.875,2.94,65.125,25,8,A2,235.8082125,0.10601836
I,8.295,6.825,2.205,38.25,13.875,8,A2,124.8324919,0.111148947
I,11.34,8.19,2.625,78.1875,31.5625,8,A2,243.795825,0.12946284
I,5.88,4.2,1.365,11.1875,4.5,7,A2,33.71004,0.133491387
I,7.56,5.565,1.89,25.6875,12,7,A2,79.514946,0.150915024
I,7.245,5.67,2.31,26.6875,10.25,7,A2,94.8928365,0.108016584
I,11.025,8.4,2.73,80.6875,40.625,8,A2,252.8253,0.160684077
I,8.925,6.615,1.995,45.9375,23.3125,7,A2,117.7825556,0.197928291
I,8.085,6.3,1.995,37.75,19,7,A2,101.6163225,0.186977835
I,6.825,4.2,1.68,12.4375,4.9375,8,A2,48.1572,0.102528802
I,10.185,7.56,2.52,64.4375,30.8125,8,A2,194.036472,0.158797466
I,9.555,7.35,2.835,67.0625,35.6875,7,A2,199.0999238,0.179244167
I,10.5,8.085,2.52,70,35.4375,8,A2,213.9291,0.165650676
I,8.925,6.51,1.995,43.8125,20.5625,8,A2,115.9129913,0.177395991
I,11.025,8.4,2.94,81.75,38.125,7,A2,272.2734,0.140024696
I,8.505,6.405,2.1,33.5,14.3125,7,A2,114.3965025,0.125113091
I,10.395,7.98,2.52,64,29.125,7,A2,209.039292,0.139327873
I,7.665,5.775,1.89,29.3125,13.5,7,A2,83.66155875,0.161364433
I,10.395,6.93,2.1,55,22.125,7,A2,151.278435,0.146253496
I,7.875,5.775,1.995,28.6875,11.875,7,A2,90.72885938,0.130884485
I,9.45,6.93,2.415,45.625,17.5,8,A2,158.1547275,0.110651134
I,9.45,7.56,2.73,59.75,23.875,7,A2,195.03666,0.122412884
I,8.295,6.195,1.995,34.0625,14.375,8,A2,102.5181124,0.140219125
I,12.915,9.975,2.73,105.3125,44.125,8,A2,351.6980513,0.125462737
I,10.5,8.4,2.52,77,32.625,8,A2,222.264,0.146784904
I,10.185,8.085,2.73,74.996875,31.3125,7,A2,224.8038293,0.139288108
I,8.19,6.3,2.1,33.3125,13.8125,7,A2,108.3537,0.127476035
I,8.925,6.72,2.1,38.1875,15.75,7,A2,125.9496,0.12505002
I,9.135,6.825,2.205,41.875,17,8,A2,137.4737569,0.123659965
I,7.35,5.46,1.995,26.375,10.75,7,A2,80.061345,0.134272039
I,8.925,7.14,2.1,43.9375,20.3125,7,A2,133.82145,0.151788073
I,10.5,7.77,2.415,71.8125,38.25,7,A2,197.027775,0.194135065
I,10.185,7.665,2.205,65.0625,24.375,8,A2,172.1399951,0.141599865
I,10.5,7.875,2.94,68.6875,31,7,A2,243.10125,0.127518884
I,7.56,5.46,1.89,22.3125,8.0625,7,A2,78.014664,0.103345956
I,9.975,7.455,2.1,62.9375,31.6875,8,A2,156.1636125,0.202912186
I,8.295,6.3,1.89,34.875,16.75,8,A2,98.768565,0.169588371
I,9.135,7.035,2.31,51.375,25.3125,7,A2,148.4515148,0.170510217
I,7.875,5.775,1.785,27.5,13.625,7,A2,81.17845313,0.167840104
I,9.765,7.455,2.52,72.5625,31.875,8,A2,183.451149,0.173751978
I,8.085,6.09,1.785,32.57375,14,8,A2,87.88920525,0.159291462
I,9.87,8.085,2.73,73.375,33,8,A2,217.8511335,0.151479588
I,9.975,7.56,2.625,61.3125,25.625,8,A2,197.953875,0.129449348
I,9.45,7.35,2.73,68.375,30.625,8,A2,189.618975,0.161508098
I,9.66,7.56,2.205,58.25,27.8125,7,A2,161.030268,0.172715977
I,11.34,8.82,2.94,92.5,44.9375,8,A2,294.055272,0.152819909
I,7.035,5.25,1.995,23.125,9.9375,8,A2,73.68283125,0.134868596
I,9.135,6.3,2.52,74.5625,32.375,8,A2,145.02726,0.223233894
I,11.445,9.03,2.94,96.5,36.125,8,A2,303.844149,0.11889319
I,8.61,6.405,1.89,44.1875,19.625,7,A2,104.2279245,0.188289272
I,7.56,5.985,2.205,30.1875,11.4375,7,A2,99.768753,0.114640102
I,8.19,6.3,1.995,40.8125,20.8125,7,A2,102.936015,0.202188709
I,8.19,6.09,1.89,34.3125,16.875,8,A2,94.267719,0.179011439
I,11.235,8.085,3.78,135.4375,61.9375,8,A2,343.3562055,0.180388468
I,12.6,10.08,3.57,114.6875,47.5,8,A2,453.41856,0.104759717
I,11.13,8.295,2.415,59.375,25.3125,8,A2,222.9608903,0.113528879
I,8.715,6.825,2.1,41.6875,18.0625,7,A2,124.9077375,0.144606734
I,9.45,7.455,2.31,57.3125,24.25,8,A2,162.7389225,0.149011679
I,9.555,7.035,2.205,50.6875,21.875,8,A2,148.2188321,0.147585834
I,7.455,5.46,1.89,24.8125,8.9375,7,A2,76.931127,0.116175342
I,10.185,7.665,2.94,65.984375,23.6875,8,A2,229.5199935,0.103204517
I,10.08,7.35,2.1,64.875,29.5625,7,A2,155.5848,0.190008921
I,9.345,7.35,2.73,52.4375,21.1875,7,A2,187.5120975,0.11299271
I,9.87,7.665,2.1,51.375,21.875,8,A2,158.872455,0.137689066
I,9.555,9.135,2.31,53.3125,24.375,8,A2,201.6281768,0.120890842
I,9.135,6.825,2.52,43.25,19.875,7,A2,157.112865,0.126501417
I,10.92,7.98,2.415,83.0625,41.0625,7,A2,210.446964,0.19512042
I,9.24,7.035,2.31,48.5625,21.875,7,A2,150.157854,0.145680026
I,9.975,7.56,2.31,61.5,26.375,8,A2,174.19941,0.151406942
I,6.825,5.04,1.47,19,7.0625,8,A2,50.56506,0.139671544
I,7.875,5.985,1.89,32.125,13.0625,7,A2,89.07924375,0.146639099
I,10.71,8.295,2.205,69.0625,29.25,8,A2,195.8909873,0.149317743
I,15.225,11.55,4.62,256.1875,94.75375,20,A5,812.421225,0.116631308
I,11.13,8.4,3.045,69.375,23.70375,9,A3,284.68314,0.083263624
I,12.075,9.45,2.625,97.5,40.11875,9,A3,299.5354688,0.133936559
I,12.075,9.24,2.625,106.4375,55.79875,9,A3,292.879125,0.190518017
I,11.13,8.925,2.73,95.9375,51.3275,9,A3,271.1852325,0.189270999
I,6.195,4.725,1.68,15.5,5.94125,9,A3,49.17591,0.12081627
I,10.185,7.245,3.36,108.625,37.79125,9,A3,247.935492,0.15242372
I,11.655,9.45,3.675,92.25,37.24,9,A3,404.7635813,0.092004325
I,10.185,7.77,2.415,57.125,23.09125,9,A3,191.1169418,0.120822622
I,11.55,8.925,3.15,79.875,32.9525,9,A3,324.7138125,0.10148167
I,12.285,9.66,2.94,95.4375,39.935,9,A3,348.898914,0.114460087
I,11.025,8.4,3.045,76.1875,30.38,9,A3,281.99745,0.107731471
I,9.87,7.875,2.205,55.125,20.4575,10,A3,171.3863813,0.119364793
I,10.815,8.295,2.625,72.5625,28.97125,9,A3,235.4898656,0.123025464
I,11.34,8.505,3.15,94.8125,37.6075,10,A3,303.807105,0.123787428
I,11.34,8.82,2.94,90.8125,39.26125,9,A3,294.055272,0.133516566
I,10.815,7.35,2.205,59.3125,26.0925,10,A3,175.2760013,0.148865217
I,11.34,8.715,3.255,87.75,39.445,10,A3,321.6854655,0.122619777
I,8.505,6.615,2.205,43.375,19.66125,9,A3,124.0545679,0.158488723
I,12.075,9.345,3.36,114.6875,55.125,9,A3,379.14534,0.145392793
I,11.865,8.82,3.255,92.875,37.975,9,A3,340.6334715,0.111483466
I,6.72,5.25,1.68,19.5625,6.9825,9,A3,59.2704,0.11780754
I,12.705,10.29,3.465,133.875,59.045,10,A3,452.9948693,0.13034364
I,12.495,9.87,2.835,117.0625,53.165,10,A3,349.6282178,0.152061525
I,10.815,8.4,2.835,87.0625,39.2,9,A3,257.54841,0.152204395
I,13.23,9.975,3.045,132.5625,63.27125,10,A3,401.8463663,0.157451343
I,10.185,7.77,2.73,57.25,22.1725,10,A3,216.0452385,0.102628969
I,9.765,7.56,2.205,62.121875,26.95,9,A3,162.780597,0.165560273
I,12.39,9.45,2.625,107.5,53.5325,9,A3,307.3494375,0.174174713
I,9.87,7.245,2.94,57.6875,28.0525,9,A3,210.233961,0.133434674
I,11.34,8.715,2.31,77.375,33.74875,10,A3,228.292911,0.147830915
I,11.235,8.82,3.045,86.0625,33.4425,9,A3,301.7372715,0.110833176
I,9.87,7.56,2.73,65.3125,24.255,9,A3,203.704956,0.119069268
I,11.55,8.925,2.835,91.3125,40.73125,9,A3,292.2424313,0.139374867
I,11.97,9.45,3.045,93.875,34.60625,10,A3,344.4397425,0.10047113
I,9.975,7.665,2.415,61.25,27.3175,9,A3,184.6469756,0.147944476
I,10.185,7.455,2.205,62.25,26.64375,9,A3,167.4238309,0.159139531
I,10.92,8.61,2.94,87.375,41.58875,10,A3,276.422328,0.150453657
I,10.71,7.875,3.15,105.1875,47.10125,10,A3,265.6749375,0.177289023
I,11.235,8.19,2.625,74.875,31.78875,9,A3,241.5384563,0.131609477
I,11.55,8.925,3.255,109.0625,50.47,10,A3,335.5376063,0.150415331
I,12.075,9.45,2.835,108.9375,55.125,10,A3,323.4983063,0.170402747
I,12.705,9.87,3.045,106.283125,46.4275,9,A3,381.8379758,0.12158953
I,12.81,9.765,2.625,115.3125,53.41,9,A3,328.3603313,0.162656676
I,10.605,8.085,2.625,74.5,30.0125,9,A3,225.0712406,0.133346668
I,10.5,8.085,3.15,78.3125,31.91125,10,A3,267.411375,0.119333929
I,10.08,7.77,2.625,59.25,21.9275,9,A3,205.5942,0.106654273
I,8.82,6.405,2.31,35,11.515,9,A3,130.496751,0.088239745
I,9.24,7.665,2.31,55.8125,26.0925,9,A3,163.604826,0.159484904
I,14.07,10.185,3.675,157.0625,65.59875,9,A3,526.6383413,0.124561288
I,10.92,8.295,2.625,82.875,36.81125,9,A3,237.776175,0.154814712
I,9.975,7.14,2.205,56.6875,24.8675,9,A3,157.0434075,0.15834794
I,11.76,8.925,2.835,102.5625,45.50875,9,A3,297.55593,0.152941835
I,10.5,7.98,2.835,74.25,36.07625,9,A3,237.54465,0.151871448
I,10.815,8.4,2.835,79.5,37.42375,9,A3,257.54841,0.145307634
I,12.81,9.765,3.15,120.0625,55.06375,9,A3,394.0323975,0.13974422
I,12.075,9.45,3.15,107.25,55.0025,10,A3,359.4425625,0.153021667
I,7.35,5.46,1.785,21.75,8.63625,10,A3,71.633835,0.120561045
I,10.92,8.295,2.625,72.5625,29.95125,9,A3,237.776175,0.12596405
I,13.65,10.92,3.15,154.75,67.31375,10,A3,469.5327,0.143363284
I,11.445,8.925,2.94,101.8125,37.3625,10,A3,300.3110775,0.12441266
I,12.39,9.345,2.835,96.4375,40.18,9,A3,328.2491993,0.122407001
I,9.24,6.72,2.205,48.4375,21.49875,9,A3,136.914624,0.157023036
I,11.865,9.135,3.045,105.5625,48.69375,9,A3,330.0377299,0.14753995
I,11.76,9.555,3.045,121.75,67.0075,9,A3,342.156906,0.195838514
I,10.92,8.61,3.045,80.75,36.32125,9,A3,286.294554,0.126866716
I,11.55,9.345,3.045,97.875,35.79778125,11,A4,328.6613138,0.108919972
I,11.34,8.925,2.73,101.9375,43.20421875,11,A4,276.301935,0.156365965
I,13.02,10.185,3.78,144.25,58.01709375,12,A4,501.260886,0.115742312
I,8.715,6.825,2.415,41.0625,16.51753125,12,A4,143.6438981,0.114989439
I,11.13,8.295,2.625,77.9375,34.97484375,11,A4,242.3487938,0.144316145
I,13.125,9.03,3.675,176.375,67.24575,12,A4,435.5564063,0.154390451
I,9.345,7.245,2.73,50.9375,16.04728125,11,A4,184.8333533,0.086820268
I,13.23,10.605,3.78,159,70.83140625,11,A4,530.349687,0.133556044
I,12.81,10.29,3.36,144.3125,68.95040625,11,A4,442.898064,0.15568008
I,9.765,7.14,2.31,43.25,16.75265625,11,A4,161.058051,0.104016261
I,11.025,9.03,3.15,92.0625,37.91390625,11,A4,313.6006125,0.1208987
I,12.075,9.45,2.835,103.0625,39.67734375,11,A4,323.4983063,0.122650855
I,13.02,10.08,3.78,141.3125,62.13178125,12,A4,496.093248,0.125242142
I,9.135,7.035,2.31,47.875,18.28096875,12,A4,148.4515148,0.123144373
I,11.55,8.715,2.835,101.1875,35.09240625,12,A4,285.3661388,0.122973267
I,7.875,5.88,2.1,32.0625,13.69603125,12,A4,97.2405,0.140846985
I,11.235,9.45,3.57,97.625,35.91534375,11,A4,379.0295775,0.094756045
I,11.865,9.24,3.675,109.1875,48.670875,11,A4,402.899805,0.120801436
I,11.865,9.03,2.835,106.8125,37.7375625,11,A4,303.7445933,0.1242411
I,13.02,9.87,3.255,120.75,52.5504375,11,A4,418.291587,0.125631113
I,10.71,8.505,2.52,76.25,26.9218125,11,A4,229.543146,0.117284323
I,10.605,8.16585,3.28755,95.25,44.1643125,14,A5,284.698014,0.155126872
I,12.19575,9.65055,3.8178,106.5625,35.0870625,13,A5,449.338625,0.078086015
I,13.25625,9.86265,3.28755,121.5,47.0155,14,A5,429.8200536,0.109384147
I,10.8171,8.484,3.1815,93.125,33.3414375,13,A5,291.9734974,0.11419337
I,11.0292,8.484,3.07545,82.5,31.072125,13,A5,287.7751856,0.107973608
I,9.43845,6.9993,2.121,54.625,18.969125,13,A5,140.1186539,0.135379013
I,8.16585,6.46905,2.01495,31.5,10.6483125,14,A5,106.440322,0.100040213
I,9.01425,7.31745,2.65125,53.125,18.62,13,A5,174.8799594,0.106473035
I,9.3324,7.31745,2.5452,60.875,22.8676875,14,A5,173.8101055,0.131567077
I,10.92315,8.9082,2.86335,88.875,39.218375,13,A5,278.6200036,0.140759366
I,11.4534,8.484,3.07545,94.625,37.429875,15,A5,298.843462,0.125249101
I,13.9986,11.13525,4.56015,223.25,79.9098125,17,A5,710.8266543,0.112418143
I,12.3018,8.9082,3.3936,91,32.3798125,19,A5,371.8940861,0.087067296
I,7.52955,5.9388,2.121,28.4375,11.1101375,16,A5,94.84367856,0.117141571
I,11.0292,8.59005,2.9694,72.1875,23.765,15,A5,281.3250522,0.084475235
I,10.92315,8.9082,2.86335,88.875,40.044025,20,A5,278.6200036,0.143722721
I,11.98365,9.3324,3.71175,109.1875,49.19355,17,A5,415.108072,0.118507814
I,9.3324,7.31745,2.5452,60.875,23.3491125,20,A5,173.8101055,0.13433691
F,9.765,7.35,2.625,60.25,28.75,6,A1,188.4034688,0.15259804
F,10.71,8.4,2.625,68.125,32.625,6,A1,236.1555,0.138150498
F,11.13,8.82,3.57,103.5,51.25,6,A1,350.454762,0.146238561
F,10.815,7.875,2.31,75.8125,37.5625,6,A1,196.7383688,0.190926154
F,12.285,9.45,2.625,109.25,44.3125,6,A1,304.7447813,0.145408561
F,8.4,6.825,2.52,39.8125,16.75,8,A2,144.4716,0.115939742
F,10.5,7.98,2.94,79.4375,34.625,8,A2,246.3426,0.140556282
F,11.13,8.295,3.045,96.875,38.5,7,A2,281.1246008,0.13694995
F,11.76,9.03,3.15,109.3125,56.625,8,A2,334.50732,0.169278807
F,13.335,10.5,3.99,161.25,74.125,8,A2,558.669825,0.132681231
F,9.45,7.455,2.205,65.3125,29.625,8,A2,155.3416988,0.190708614
F,9.87,7.56,2.1,58.8125,20.4375,8,A2,156.69612,0.130427607
F,9.66,7.56,2.415,61.220625,26.3125,8,A2,176.366484,0.149192179
F,12.18,9.345,2.835,118.75,60.5,8,A2,322.6856535,0.187488967
F,11.55,9.24,2.835,105.4375,54.25,8,A2,302.55687,0.179305134
F,7.77,5.775,1.68,28.375,11.625,8,A2,75.38454,0.154209338
F,12.495,9.765,3.15,137.5625,67.6875,8,A2,384.3430763,0.176112188
F,12.6,9.66,3.045,116.5625,49.8125,8,A2,370.62522,0.134401269
F,11.55,9.03,3.15,105,49.375,8,A2,328.533975,0.15028887
F,12.81,10.395,3.885,144.125,67,8,A2,517.3264058,0.129512044
F,7.98,6.72,2.415,80.9375,40.375,7,A2,129.505824,0.311762041
F,11.445,9.24,3.15,118.4375,45.75,8,A2,333.11817,0.137338651
F,9.765,7.35,2.835,78.3125,32.375,8,A2,203.4757463,0.159109872
F,7.98,6.405,1.995,35.1875,15.6875,8,A2,101.9682405,0.153846923
F,8.4,6.3,2.415,37.8125,16.6875,8,A2,127.8018,0.130573278
F,12.915,10.08,3.36,156.5625,73.125,8,A2,437.415552,0.167175126
F,12.18,10.08,3.78,156.1875,61.8125,8,A2,464.087232,0.133191555
F,9.66,7.875,2.52,57.5625,22.1875,7,A2,191.7027,0.115739111
F,11.97,9.555,3.15,138.375,67.5,8,A2,360.2760525,0.187356333
F,7.77,5.775,2.1,27.8125,11.625,8,A2,94.230675,0.12336747
F,12.075,9.66,3.045,124.3125,58.25,7,A2,355.1825025,0.164000196
F,9.66,7.875,2.52,61.4375,27.5625,7,A2,191.7027,0.143777318
F,12.81,9.87,3.36,134.3125,61.5625,8,A2,424.820592,0.144914115
F,11.97,9.135,2.94,107.3125,48.8125,8,A2,321.477093,0.15183819
F,11.235,8.925,2.835,96.375,47.0625,8,A2,284.2721831,0.165554362
F,11.97,9.45,2.835,97.5625,41.8125,8,A2,320.6852775,0.130384844
F,9.66,7.35,2.415,55,23.75,8,A2,171.467415,0.138510282
F,9.135,6.825,2.31,54.1875,22.25,7,A2,144.0201263,0.154492296
F,10.92,8.505,2.415,97,40,8,A2,224.292159,0.178338825
F,11.235,9.345,2.625,109.0625,52.125,8,A2,275.6015719,0.189131722
F,12.075,9.135,3.15,133.706875,57.5625,8,A2,347.4611438,0.165666006
F,6.825,5.46,1.89,23.9375,10.625,7,A2,70.429905,0.150859212
F,11.235,9.66,3.045,98.4375,42.4375,8,A2,330.4741545,0.128413976
F,12.18,9.135,3.15,104.25,53.5,8,A2,350.482545,0.152646689
F,10.605,8.19,2.415,82.5,38.0625,8,A2,209.7547043,0.181461961
F,13.755,11.13,3.465,160.4375,72.875,8,A2,530.4677648,0.137378753
F,11.55,9.45,3.15,109.375,45.7025,10,A3,343.814625,0.132927737
F,11.655,9.24,2.94,105.75,43.6825,10,A3,316.615068,0.137967218
F,13.44,10.605,3.675,164.8125,78.085625,9,A3,523.80216,0.149074653
F,15.33,11.97,3.465,252.0625,134.898125,10,A3,635.8278465,0.212161398
F,13.23,10.29,4.725,167,85.913125,10,A3,643.2459075,0.133561868
F,11.55,9.24,2.625,101.390625,41.6625,9,A3,280.14525,0.148717496
F,12.915,9.765,3.15,115.375,58.264375,9,A3,397.2621713,0.146664795
F,13.125,10.29,3.255,139.375,61.105,9,A3,439.6080938,0.138998806
F,10.815,8.505,2.52,80.75,36.549375,10,A3,231.793569,0.157680712
F,10.92,8.61,2.625,87.3125,37.180625,10,A3,246.80565,0.150647382
F,10.815,8.715,2.94,86.6875,39.326875,10,A3,277.1030115,0.1419215
F,11.445,9.24,2.835,114.8125,54.16125,10,A3,299.806353,0.18065411
F,12.495,9.765,3.15,122.5,51.951875,10,A3,384.3430763,0.135170576
F,12.915,10.185,3.36,144.6875,63.188125,10,A3,441.971964,0.142968627
F,11.025,8.4,2.73,87.4375,39.326875,9,A3,252.8253,0.155549603
F,11.13,8.61,3.045,106.5728125,47.34375,9,A3,291.8002185,0.162247137
F,13.23,10.605,4.095,163.25,65.145,9,A3,574.5454943,0.113385277
F,13.02,10.5,3.57,143.5,69.121875,10,A3,488.0547,0.141627311
F,10.29,7.98,3.255,72.25,30.236875,9,A3,267.281721,0.113127358
F,9.345,6.93,2.205,56.5625,22.725,9,A3,142.7976743,0.159141247
F,12.075,9.87,3.255,139.5,64.26125,10,A3,387.9317138,0.165650932
F,13.02,10.08,3.57,138.0625,67.54375,10,A3,468.532512,0.14416022
F,10.605,8.4,3.465,91.125,33.771875,9,A3,308.66913,0.109411249
F,13.545,10.815,3.675,193.25,88.816875,10,A3,538.3477181,0.164980499
F,12.705,9.87,3.465,147.1875,77.13875,9,A3,434.5052828,0.177532364
F,12.705,10.185,3.36,132.0625,46.7125,10,A3,434.785428,0.107438053
F,12.18,9.45,3.255,116.25,48.60625,9,A3,374.653755,0.129736455
F,13.65,10.92,4.095,160.125,75.560625,10,A3,610.39251,0.123790223
F,13.125,9.87,3.57,156.875,66.28125,10,A3,462.4711875,0.143319739
F,13.755,10.29,3.36,150.5,68.869375,9,A3,475.570872,0.144814115
F,10.815,8.19,2.73,71.9375,24.934375,9,A3,241.8093405,0.103115847
F,9.135,7.035,2.31,47.5,21.399375,9,A3,148.4515148,0.144150601
F,15.12,12.075,4.095,268.8125,135.655625,10,A3,747.64053,0.181444985
F,10.71,8.4,2.52,87.5625,43.80875,10,A3,226.70928,0.193237568
F,13.755,11.025,3.675,168.5,73.919375,10,A3,557.3096156,0.132636102
F,9.24,7.14,2.73,52.4375,19.31625,10,A3,180.107928,0.107248194
F,8.82,6.93,2.625,57.875,23.4825,10,A3,160.446825,0.1463569
F,14.7,11.025,3.99,205.8125,107.880625,9,A3,646.649325,0.166830183
F,13.755,9.66,3.36,186.75,87.049375,9,A3,446.454288,0.194979368
F,11.025,9.03,2.835,105.4375,54.603125,9,A3,282.2405513,0.193463075
F,11.235,8.61,2.73,89.3125,42.29375,9,A3,264.0820455,0.160153826
F,9.135,7.35,2.625,57.375,24.87125,9,A3,176.2484063,0.141114751
F,9.87,7.56,2.73,59,22.9775,10,A3,203.704956,0.112797943
F,9.555,7.56,2.31,54.8125,26.0075,10,A3,166.864698,0.155859809
F,11.55,7.98,3.465,150.625,68.55375,10,A3,319.365585,0.214656034
F,13.125,10.29,2.31,142,66.470625,9,A3,311.9799375,0.213060575
F,12.915,9.975,3.57,131.875,68.55375,9,A3,459.9128363,0.149058136
F,14.385,11.235,3.675,198.0625,90.584375,9,A3,593.9368706,0.152515157
F,12.495,9.765,3.15,134.5625,61.98875,9,A3,384.3430763,0.16128494
F,11.13,8.82,2.835,84.625,32.383125,9,A3,278.302311,0.116359526
F,13.125,10.08,3.57,169.0625,78.716875,10,A3,472.311,0.166663226
F,13.86,10.605,3.99,175.5625,78.969375,9,A3,586.471347,0.134651719
F,12.705,10.29,3.15,141.8125,66.470625,9,A3,411.8135175,0.161409527
F,13.125,10.08,4.2,165.4375,76.696875,9,A3,555.66,0.138028426
F,12.075,10.08,3.465,134.75,64.51375,9,A3,421.74594,0.152968278
F,13.65,10.29,3.255,140.25,68.80625,9,A3,457.1924175,0.150497356
F,12.285,9.765,3.045,123.1875,54.603125,10,A3,365.2874111,0.149479898
F,11.76,9.555,3.99,89.25,35.72875,9,A3,448.343532,0.079690566
F,9.555,7.35,2.94,64.8125,27.90125,10,A3,206.473995,0.13513203
F,11.97,9.03,3.36,101.375,48.921875,9,A3,363.179376,0.134704441
F,13.755,10.71,3.15,130.375,60.536875,9,A3,464.0455575,0.130454594
F,9.03,7.35,1.89,49.625,19.884375,9,A3,125.440245,0.15851671
F,14.07,11.34,4.2,182.5,81.241875,9,A3,670.12596,0.121233738
F,13.23,10.5,3.885,172.875,68.175,10,A3,539.684775,0.126323741
F,14.175,11.13,3.675,180.8125,85.534375,10,A3,579.7964813,0.147524826
F,13.65,11.235,3.675,161.1875,76.949375,10,A3,563.5897313,0.136534381
F,10.5,7.77,2.835,56.25,21.651875,9,A3,231.293475,0.093612131
F,13.335,10.605,3.57,157.9375,64.64,9,A3,504.8610998,0.128035216
F,14.595,11.235,3.675,229.8125,101.441875,10,A3,602.6074819,0.168338227
F,8.505,6.825,2.31,44.4375,19.06375,9,A3,134.0877038,0.142173738
F,14.805,11.76,4.305,297.625,125.176875,10,A3,749.529774,0.167007208
F,13.23,10.185,3.885,145.875,69.185,10,A3,523.4942318,0.132160004
F,13.86,10.395,4.41,193.5,91.405,10,A3,635.369427,0.143861187
F,10.605,7.98,2.835,85.6875,45.57625,9,A3,239.9200965,0.189964287
F,13.755,10.71,3.675,176.875,74.298125,10,A3,541.3864838,0.137236756
F,9.24,7.14,2.94,60.25,23.4825,9,A3,193.962384,0.121067289
F,15.645,11.97,4.515,281.25,146.008125,9,A3,845.5269848,0.172682987
F,11.97,9.765,3.36,111.6875,39.705625,10,A3,392.740488,0.101098884
F,12.6,9.45,2.94,104.625,46.7125,10,A3,350.0658,0.133439199
F,12.705,9.555,3.045,107.75,42.1675,9,A3,369.6516574,0.114073613
F,12.075,9.975,3.36,111.875,45.513125,9,A3,404.7057,0.112459807
F,12.915,9.975,3.255,139.375,61.105,10,A3,419.3322919,0.145719758
F,11.445,8.085,3.15,139.8125,68.490625,9,A3,291.4783988,0.234976675
F,10.29,7.665,3.045,79.3125,25.186875,10,A3,240.1678283,0.104871977
F,10.5,8.295,2.94,94.309375,39.958125,10,A3,256.06665,0.156045799
F,15.225,12.18,3.885,206.193125,101.568125,9,A3,720.4363425,0.140981401
F,13.545,10.92,3.78,160.625,72.909375,9,A3,559.105092,0.130403704
F,11.76,9.24,2.835,100.3125,44.1875,9,A3,308.057904,0.143438943
F,13.545,10.71,3.99,170.375,72.34125,10,A3,578.8171305,0.124981184
F,11.865,9.555,2.73,132.25,55.42375,10,A3,309.5003048,0.179074945
F,12.705,10.5,3.885,139.8125,59.21125,9,A3,518.2687125,0.114248166
F,12.915,10.395,3.465,149.75,68.364375,10,A3,465.1811876,0.146962897
F,14.07,10.605,4.305,170.5625,76.696875,9,A3,642.3591668,0.11939874
F,13.335,10.5,3.465,182.4375,89.00625,9,A3,485.1606375,0.183457278
F,14.805,11.55,3.57,152.375,80.736875,9,A3,610.4619675,0.132255373
F,9.975,7.875,2.625,72.3125,35.034375,10,A3,206.2019531,0.169903216
F,12.075,9.03,3.255,99.4375,43.998125,9,A3,354.9162488,0.123967627
F,10.815,8.295,3.465,94.5625,24.050625,10,A3,310.8466226,0.077371357
F,14.385,11.13,3.57,188.8125,93.235625,10,A3,571.5750285,0.163120536
F,9.975,8.19,2.52,66.3125,26.954375,10,A3,205.87203,0.130927815
F,13.86,10.5,3.675,165.9375,70.195,9,A3,534.82275,0.131249091
F,13.65,10.5,3.99,183,80.989375,9,A3,571.86675,0.141622808
F,11.655,9.03,2.94,94.3125,44.503125,9,A3,309.419271,0.143827903
F,13.125,10.185,3.465,153.1875,64.071875,10,A3,463.1947031,0.13832601
F,12.705,9.555,3.045,122.1875,59.085,9,A3,369.6516574,0.159839673
F,11.34,8.715,3.15,101.4375,48.921875,9,A3,311.308515,0.157149171
F,13.02,10.08,3.465,130.375,61.041875,10,A3,454.752144,0.134231088
F,13.02,9.975,3.36,165.5625,86.670625,9,A3,436.37832,0.198613499
F,12.075,8.82,2.835,107.125,58.20125,10,A3,301.9317525,0.192762932
F,12.39,9.555,3.15,122,58.70625,10,A3,372.9173175,0.157424306
F,12.075,9.765,3.675,137.375,59.779375,9,A3,433.3279781,0.137954109
F,12.075,9.66,3.465,119.6875,60.789375,10,A3,404.1731925,0.150404273
F,11.025,8.715,3.15,88.1875,41.53625,10,A3,302.6610563,0.13723685
F,9.345,6.825,2.625,56.875,22.535625,9,A3,167.4215156,0.134604115
F,14.49,12.18,4.095,207.25,89.385,10,A3,722.719179,0.123678744
F,15.015,12.285,4.83,259.0625,109.269375,10,A3,890.9382983,0.122645278
F,13.02,10.71,3.675,158.8125,68.364375,9,A3,512.457435,0.133404982
F,11.445,8.61,2.415,84.5625,36.6125,9,A3,237.9776018,0.153848512
F,13.65,10.605,3.675,150.9375,64.450625,10,A3,531.9865688,0.12115085
F,13.335,10.395,3.675,154.4375,65.713125,10,A3,509.4186694,0.128996303
F,11.55,9.135,2.94,96.240625,43.80875,9,A3,310.197195,0.141228711
F,13.755,10.815,3.78,180.03,79.760625,11,A4,562.3140285,0.141843562
F,14.91,11.97,4.095,252.51375,127.784375,12,A4,730.8457065,0.174844531
F,13.65,11.865,4.2,212.22375,96.94875,12,A4,680.22045,0.142525486
F,13.86,10.5,3.465,151.78875,59.031875,12,A4,504.26145,0.117066008
F,10.92,8.505,2.94,88.16625,35.535,11,A4,273.051324,0.130140369
F,13.125,10.29,4.2,176.26875,75.898125,11,A4,567.23625,0.133803376
F,14.28,11.55,3.675,187.8075,91.79875,11,A4,606.13245,0.151449984
F,12.495,9.765,3.15,130.75125,53.045,11,A4,384.3430763,0.138014715
F,13.44,10.71,4.2,177.28875,78.5375,12,A4,604.55808,0.129908941
F,14.07,11.34,4.095,206.4225,95.275,11,A4,653.372811,0.14582027
F,12.495,9.45,3.465,137.8275,63.0875,12,A4,409.1394038,0.15419561
F,13.755,11.34,4.515,198.32625,89.48125,11,A4,704.2573755,0.127057597
F,13.86,11.13,3.885,171.615,70.2975,11,A4,599.307093,0.117297961
F,12.81,9.975,2.94,144.4575,67.915625,11,A4,375.672465,0.180784144
F,13.335,10.185,3.255,136.8075,60.12625,11,A4,442.0842536,0.136006314
F,13.335,10.605,3.255,164.41125,76.4775,11,A4,460.3145321,0.166141833
F,14.28,11.76,4.095,226.63125,110.85375,11,A4,687.684816,0.161198484
F,11.55,9.03,3.255,100.0875,37.20875,11,A4,339.4851075,0.109603482
F,12.81,9.87,4.095,162.37125,60.38375,12,A4,517.7500965,0.116627211
F,14.28,10.815,3.675,206.35875,65.984375,12,A4,567.560385,0.116259656
F,13.755,10.5,4.305,194.82,80.018125,11,A4,621.7603875,0.128696081
F,14.91,11.55,3.57,205.785,95.66125,11,A4,614.791485,0.155599504
F,13.755,10.605,4.095,183.66375,88.58,11,A4,597.3449186,0.148289535
F,12.39,9.975,3.255,123.86625,47.76625,11,A4,402.2862638,0.118736965
F,12.285,8.82,3.255,131.835,56.26375,11,A4,352.6912935,0.159526904
F,13.86,10.605,3.885,194.82,88.8375,11,A4,571.0378905,0.155571988
F,14.175,11.34,4.41,203.1075,88.3225,11,A4,708.883245,0.12459386
F,14.28,10.605,3.57,171.29625,84.58875,12,A4,540.638658,0.156460787
F,15.12,11.865,3.78,219.1725,108.986875,11,A4,678.127464,0.160717388
F,13.545,10.71,4.2,199.85625,79.95375,12,A4,609.28119,0.131226355
F,14.7,11.55,3.57,214.71,97.013125,11,A4,606.13245,0.160052683
F,12.6,9.765,3.36,144.4575,59.9975,11,A4,413.41104,0.145127958
F,14.91,11.865,4.095,231.6675,101.06875,11,A4,724.4347793,0.13951394
F,11.76,9.66,3.78,123.675,44.0325,12,A4,429.414048,0.102540893
F,13.755,11.34,3.675,198.70875,93.794375,11,A4,573.2327475,0.163623546
F,9.45,7.245,2.415,63.24,24.526875,12,A4,165.3435788,0.148338842
F,14.28,11.55,3.99,230.3925,105.896875,11,A4,658.08666,0.160916307
F,15.225,11.97,4.305,206.48625,95.79,11,A4,784.5571913,0.12209435
F,13.23,10.08,3.15,134.19375,50.47,12,A4,420.07896,0.12014408
F,13.02,10.605,3.36,174.99375,80.919375,11,A4,463.939056,0.174418114
F,13.545,10.605,3.465,168.045,70.8125,11,A4,497.7289721,0.142271204
F,9.24,7.245,3.57,52.08375,19.3125,12,A4,238.989366,0.080809035
F,10.605,8.505,3.78,77.265,30.77125,11,A4,340.9390845,0.090254393
F,13.44,10.92,3.675,159.12,54.654375,12,A4,539.36064,0.101331782
F,13.44,10.185,3.045,144.52125,71.134375,11,A4,416.819088,0.170660071
F,14.07,11.13,4.305,178.69125,82.78625,12,A4,674.1591255,0.122799272
F,12.39,9.555,3.465,148.0275,48.925,12,A4,410.2090493,0.119268456
F,9.24,7.455,2.415,52.9125,20.406875,11,A4,166.355343,0.122670391
F,13.23,10.605,3.465,135.7875,59.160625,12,A4,486.1538798,0.121691151
F,14.175,11.865,4.095,234.28125,98.429375,12,A4,688.7232056,0.142915723
F,13.44,10.395,3.57,156.37875,63.0875,11,A4,498.760416,0.126488586
F,15.33,12.18,3.99,221.53125,87.356875,11,A4,745.010406,0.117255913
F,12.915,10.29,3.99,144.64875,60.448125,11,A4,530.2524465,0.113998767
F,13.965,10.92,3.465,215.28375,93.923125,11,A4,528.404877,0.177748407
F,12.18,9.765,3.045,125.77875,60.5125,11,A4,362.1652965,0.167085308
F,8.925,7.245,2.31,46.72875,16.09375,11,A4,149.3683538,0.10774538
F,11.025,8.505,3.36,83.895,34.183125,12,A4,315.05922,0.10849746
F,15.12,12.075,4.515,267.75,110.274375,12,A4,824.32161,0.133775912
F,11.34,8.82,2.94,102.6375,47.50875,11,A4,294.055272,0.161564014
F,12.81,9.87,3.465,150.25875,72.8725,11,A4,438.0962355,0.166339023
F,12.915,9.975,3.675,152.235,71.97125,11,A4,473.4396844,0.15201778
F,12.915,11.025,3.255,132.40875,54.97625,11,A4,463.4725331,0.11861814
F,14.7,11.445,2.73,198.39,86.584375,12,A4,459.299295,0.18851406
F,14.805,11.76,3.57,185.83125,78.15125,11,A4,621.561276,0.125733782
F,13.755,9.555,3.57,164.41125,75.57625,11,A4,469.2016193,0.161074146
F,13.44,10.605,3.99,162.75375,62.250625,12,A4,568.699488,0.10946137
F,14.28,11.76,4.095,212.16,74.675,11,A4,687.684816,0.108588991
F,11.445,9.24,3.675,98.74875,38.431875,11,A4,388.637865,0.098888653
F,13.755,10.5,2.94,149.23875,69.589375,12,A4,424.61685,0.163887455
F,10.08,7.98,3.045,79.188975,29.87,12,A4,244.934928,0.121950757
F,13.335,10.185,3.465,161.86125,72.550625,11,A4,470.6058184,0.154164318
F,11.025,8.4,2.415,80.26125,32.895625,11,A4,223.65315,0.147083218
F,15.015,11.025,3.885,198.9,85.683125,11,A4,643.1243569,0.133229482
F,11.655,8.925,2.94,100.47,36.3075,11,A4,305.8213725,0.118721264
F,13.965,10.605,3.36,164.66625,81.24125,11,A4,497.612052,0.163262223
F,12.495,9.03,4.41,194.37375,84.07375,11,A4,497.5796385,0.168965415
F,11.76,9.24,2.94,118.38375,49.246875,11,A4,319.467456,0.154153026
F,13.23,10.08,3.36,152.8725,67.786875,11,A4,448.084224,0.151281548
F,14.07,11.55,3.99,177.28875,69.846875,12,A4,648.408915,0.107720411
F,13.755,11.445,3.465,206.86875,84.395625,12,A4,545.4810034,0.154717808
F,12.285,8.715,3.255,89.05875,38.625,12,A4,348.4925876,0.110834495
F,12.39,8.715,3.15,112.26375,46.929375,11,A4,340.1333775,0.137973448
F,15.75,12.81,4.935,313.5625,157.08,14,A5,995.6732625,0.157762597
F,13.335,10.71,3.675,151.5625,73.12125,14,A5,524.8555988,0.139316891
F,13.23,9.975,3.675,177.875,52.97625,14,A5,484.9869938,0.109232311
F,13.02,10.71,3.15,182,74.0775,13,A5,439.24923,0.168645714
F,9.975,7.35,2.415,60.875,24.735,13,A5,177.0587438,0.139699398
F,13.125,10.185,2.835,162.8125,77.775,14,A5,378.9774844,0.205223274
F,12.915,9.87,3.675,162.3125,65.47125,14,A5,468.4561088,0.139759625
F,12.18,9.45,4.935,133.875,38.25,14,A5,568.023435,0.067338771
F,14.7,12.075,3.57,163.75,64.96125,14,A5,633.683925,0.102513647
F,15.435,11.865,4.725,254.625,110.925,13,A5,865.3188994,0.128189735
F,10.71,8.19,2.205,76.5,23.8425,13,A5,193.4113545,0.123273528
F,12.18,9.555,3.57,113.4375,47.685,13,A5,415.476243,0.114771905
F,12.705,9.45,3.465,152.8125,45.5175,13,A5,416.0156963,0.109412939
F,14.175,11.55,3.99,193.875,90.58875,13,A5,653.2477875,0.138674408
F,13.02,10.71,4.305,168.4375,60.88125,14,A5,600.307281,0.101416811
F,11.445,9.345,3.675,106.5625,44.17875,13,A5,393.0542044,0.11239862
F,9.555,7.665,2.31,48.125,21.165,13,A5,169.1822633,0.125101767
F,13.02,10.08,4.83,136.6875,51.3825,14,A5,633.896928,0.081058131
F,14.805,11.445,3.78,192.4375,77.45625,13,A5,640.4953905,0.120931784
F,9.765,7.98,2.835,72.375,26.52,14,A5,220.9165245,0.120045343
F,11.235,8.82,3.15,92.0625,35.50875,14,A5,312.142005,0.11375832
F,9.03,7.035,2.52,55.5,19.7625,13,A5,160.085646,0.123449544
F,12.6,10.605,3.99,141.125,55.90875,13,A5,533.15577,0.104863819
F,12.39,9.345,2.73,141.5625,48.76875,13,A5,316.0918215,0.154286656
F,13.23,10.5,3.36,152.5,62.53875,14,A5,466.7544,0.133986418
F,12.285,8.82,3.255,123.0625,56.355,13,A5,352.6912935,0.159785629
F,12.705,10.185,3.36,152.75,67.575,13,A5,434.785428,0.155421492
F,11.34,9.135,3.675,111.5,41.055,13,A5,380.6965575,0.107841795
F,10.185,7.665,2.94,77.4375,33.08625,14,A5,229.5199935,0.144154108
F,14.595,11.025,4.305,227.3125,104.4225,13,A5,692.7170119,0.150743375
F,14.07,11.445,3.675,213.375,89.18625,13,A5,591.7894763,0.150706043
F,9.135,7.35,2.31,48,18.2325,13,A5,155.0985975,0.117554254
F,11.55,9.135,3.57,110.5,36.65625,14,A5,376.6680225,0.097317128
F,12.075,10.185,3.465,130.0625,53.4225,14,A5,426.1391269,0.125363987
F,10.92,8.61,3.57,108.8125,47.62125,14,A5,335.655684,0.141875297
F,14.175,11.655,4.305,240.625,90.9075,13,A5,711.2274356,0.127817763
F,11.97,9.765,3.78,124.9375,51.6375,16,A5,441.833049,0.116871067
F,8.295,6.615,2.205,43.9375,15.10875,16,A5,120.9914921,0.124874483
F,12.81,10.29,3.57,147.1875,72.10125,15,A5,470.579193,0.1532181
F,9.45,7.98,3.465,102.0625,31.875,23,A5,261.299115,0.121986636
F,13.965,11.235,3.99,187,73.63125,17,A5,626.0181323,0.117618398
F,15.645,12.285,3.99,245.75,107.54625,18,A5,766.8733118,0.140239918
F,13.44,11.025,4.515,222.375,57.82125,22,A5,669.01464,0.086427481
F,12.705,9.975,3.045,127.3125,59.86125,15,A5,385.9000819,0.155121112
F,12.81,10.185,3.465,136.4375,50.17125,18,A5,452.0780303,0.110979182
F,12.495,9.975,3.57,155.875,61.2,20,A5,444.9563213,0.13754159
F,13.125,10.815,3.15,155.1875,66.74625,15,A5,447.1326563,0.149276169
F,14.805,11.655,4.2,183.5625,60.11625,19,A5,724.719555,0.082951053
F,14.49,11.34,3.885,196.4375,88.42125,15,A5,638.369991,0.138510975
F,12.6,9.975,3.78,147.5625,55.39875,19,A5,475.0893,0.116607025
F,14.28,11.55,4.2,199.5,66.9375,21,A5,692.7228,0.096629561
F,10.08,7.77,2.73,73.5625,31.55625,15,A5,213.817968,0.14758465
F,13.545,10.29,4.515,175.75,54.37875,25,A5,629.2918958,0.086412602
F,10.92,8.505,3.045,103.625,45.07125,15,A5,282.803157,0.159373221
F,13.86,10.92,4.2,209.5,85.8075,17,A5,635.67504,0.134986423
F,10.29,7.665,2.73,85.4375,21.0375,21,A5,215.3228805,0.097702111
F,11.97,9.45,3.675,119.4375,48.45,18,A5,415.7031375,0.116549517
F,13.02,9.87,4.2,153.1875,48.5775,23,A5,539.73108,0.090003155
F,14.49,11.655,4.305,227.0625,99.25875,19,A5,727.0324898,0.136525879
F,14.7,11.34,4.515,247.25,85.10625,24,A5,752.64147,0.113076748
F,14.385,11.025,3.675,213.75,69.04125,16,A5,582.8352469,0.118457575
F,16.8,13.23,4.095,315.75,118.9575,23,A5,910.17108,0.130697956
F,14.28,11.76,3.465,204.875,77.20125,15,A5,581.887152,0.132673921
F,11.655,9.135,3.465,121.25,42.84,17,A5,368.9130926,0.116124911
F,12.6,9.975,3.78,145.25,65.1525,18,A5,475.0893,0.137137376
F,12.6,10.08,3.15,128.625,52.08375,16,A5,400.0752,0.1301849
F,10.605,8.925,2.94,106.25,35.0625,19,A5,278.2698975,0.126001771
F,14.49,11.76,4.515,214.875,86.7,17,A5,769.366836,0.112690067
F,10.395,8.4,3.255,80.5625,30.855,17,A5,284.22009,0.108560236
F,13.02,9.87,4.725,139.375,48.195,15,A5,607.197465,0.079372861
F,13.02,10.92,4.725,147.9375,48.195,23,A5,671.79294,0.071740855
F,14.28,11.55,4.41,218.0625,76.18125,17,A5,727.35894,0.104736803
F,11.865,9.555,3.675,126.625,43.605,19,A5,416.6350256,0.104659948
F,11.235,8.715,3.885,105.1875,40.035,15,A5,380.3921021,0.105246665
F,13.965,11.13,3.885,174.4375,58.14,15,A5,603.8472983,0.09628262
F,11.97,9.24,2.94,119.1875,48.25875,17,A5,325.172232,0.148409813
F,13.86,11.865,4.095,220.0625,88.23,16,A5,673.4182455,0.131018131
M,7.98,5.67,1.995,27.375,10.4375,6,A1,90.266967,0.115629231
M,7.455,5.46,1.785,23.8125,10.125,6,A1,72.6571755,0.139353064
M,7.875,6.405,1.89,40.5625,17.4375,5,A1,95.33041875,0.182916431
M,10.08,7.875,2.415,84.5625,40.0625,6,A1,191.7027,0.20898245
M,3.255,2.31,0.84,1.9375,0.8125,3,A1,6.316002,0.128641505
M,10.5,8.19,2.625,65.1875,31.0625,6,A1,225.736875,0.1376049
M,4.935,3.36,1.26,6.8125,3.3125,4,A1,20.892816,0.158547321
M,10.5,8.19,2.835,82.4375,39.3125,6,A1,243.795825,0.161251736
M,5.88,4.305,2.1,14.5625,6.8125,5,A1,53.15814,0.128155349
M,5.67,4.095,1.68,12.5,4.8125,6,A1,39.007332,0.123374242
M,9.45,7.035,2.625,58.259375,27.0625,6,A1,174.5119688,0.155075323
M,5.46,4.2,1.365,13.00375,5.5,6,A1,31.30218,0.175706612
M,9.87,7.875,2.52,72.5625,32.9175,8,A2,195.87015,0.168057767
M,6.72,5.04,1.785,21.25,8.105625,7,A2,60.455808,0.134075207
M,8.925,6.93,1.68,45.125,16.5825,7,A2,103.90842,0.159587645
M,8.82,7.14,2.415,52.6875,21.65625,8,A2,152.084142,0.142396503
M,6.51,4.725,1.68,16.8125,6.6825,7,A2,51.67638,0.129314399
M,10.605,9.24,2.94,103.4375,42.260625,8,A2,288.091188,0.146691835
M,7.98,6.3,2.1,31.3125,13.1175,8,A2,105.5754,0.124247694
M,11.025,8.505,2.73,89.8125,40.404375,8,A2,255.9856163,0.157838458
M,11.235,8.715,2.835,97.5,39.166875,8,A2,277.5834259,0.141099473
M,12.18,9.555,2.73,106.5,50.7375,8,A2,317.717127,0.159693941
M,8.4,6.72,1.995,37.875,16.520625,7,A2,112.61376,0.146701655
M,9.45,6.825,2.415,53.8125,27.658125,8,A2,155.7584438,0.17757063
M,11.235,8.505,2.94,91.4375,41.58,7,A2,280.9278045,0.148009557
M,11.025,8.715,2.835,99.3125,48.7575,7,A2,272.3949506,0.178995609
M,5.355,4.095,1.365,10,3.898125,8,A2,29.93270963,0.130229607
M,9.765,7.455,2.52,66.4375,33.721875,8,A2,183.451149,0.183819372
M,10.29,7.98,2.31,69.25,36.320625,8,A2,189.683802,0.191479845
M,9.87,7.665,2.52,79.43875,40.46625,8,A2,190.646946,0.212257531
M,12.075,9.45,3.465,120.6875,61.6275,8,A2,395.3868188,0.155866349
M,9.975,8.085,2.52,70.25,35.76375,8,A2,203.232645,0.175974436
M,9.975,7.56,2.1,53.5625,24.316875,7,A2,158.3631,0.153551395
M,11.445,8.19,2.835,97.9375,52.284375,7,A2,265.7374493,0.196752001
M,11.97,9.66,3.57,112.9375,50.428125,7,A2,412.799814,0.122161211
M,10.71,8.19,2.835,96.125,48.695625,8,A2,248.6717415,0.195822914
M,11.76,9.03,3.255,108.4375,49.5,8,A2,345.657564,0.143205314
M,13.125,10.5,2.73,135.25,71.589375,8,A2,376.228125,0.190281827
M,10.08,7.665,2.73,66.3125,29.761875,8,A2,210.928536,0.141099329
M,12.18,9.45,2.52,108.5625,51.7275,8,A2,290.05452,0.178337162
M,9.555,7.35,2.31,57.25,24.75,8,A2,162.2295675,0.152561585
M,11.235,8.505,2.94,102.25,49.7475,7,A2,280.9278045,0.177082863
M,8.505,6.51,2.1,48.125,21.40875,7,A2,116.271855,0.184126675
M,9.975,7.77,2.625,81.125,42.94125,8,A2,203.4525938,0.211062682
M,9.87,7.77,2.73,65.3125,24.87375,7,A2,209.363427,0.118806567
M,10.71,8.505,2.625,86.5625,40.46625,7,A2,239.1074438,0.169238771
M,12.915,10.605,3.99,175.375,83.098125,8,A2,546.4846643,0.152059391
M,9.765,7.56,2.31,61.9375,32.979375,7,A2,170.532054,0.193391062
M,10.71,8.715,3.045,93.875,40.775625,8,A2,284.2131443,0.14346847
M,13.65,10.5,2.94,154.75,76.291875,8,A2,421.3755,0.181054368
M,9.24,6.825,1.68,51.625,17.82,8,A2,105.94584,0.168199148
M,11.655,9.135,2.94,93.6875,42.19875,8,A2,313.0171695,0.134812892
M,11.445,8.82,3.045,97.25,46.344375,7,A2,307.3772205,0.150773616
M,10.92,8.715,3.675,94.125,31.9275,8,A2,349.741665,0.091288809
M,8.715,6.615,2.52,50.1875,24.62625,8,A2,145.277307,0.169512022
M,8.82,7.035,2.415,46.125,21.16125,8,A2,149.8476105,0.141218468
M,7.35,5.565,1.89,28.1875,12.313125,7,A2,77.3061975,0.159277333
M,9.87,7.875,2.73,65.375,26.4825,8,A2,212.1926625,0.124804033
M,10.185,7.665,3.255,128.625,52.408125,8,A2,254.1114214,0.20624073
M,10.605,8.4,3.15,96.875,42.631875,7,A2,280.6083,0.151926636
M,14.49,11.025,3.675,212.5625,102.155625,8,A2,587.0895188,0.17400349
M,7.77,5.88,2.205,28,10.085625,8,A2,100.741158,0.100114245
M,10.185,8.19,2.835,77.125,30.9375,8,A2,236.4819503,0.130823938
M,11.13,8.61,2.94,94.3125,43.250625,8,A2,281.738142,0.153513559
M,13.02,9.45,4.2,107.25,53.026875,8,A2,516.7638,0.10261337
M,13.545,10.92,3.675,195.125,87.73875,8,A2,543.574395,0.161410749
M,11.445,9.45,3.15,97.5625,46.963125,8,A2,340.6890375,0.137847479
M,10.92,8.4,2.52,72.5,28.9575,8,A2,231.15456,0.125273324
M,12.18,9.555,3.15,139.25,58.966875,8,A2,366.596685,0.16084945
M,11.655,9.135,3.045,115.0625,49.995,8,A2,324.1963541,0.154212098
M,8.82,7.245,2.205,53.75,21.65625,7,A2,140.9014845,0.153697813
M,9.87,7.875,2.415,53.3125,20.851875,8,A2,187.7088938,0.111086239
M,9.87,7.56,2.205,68,33.4125,7,A2,164.530926,0.203077323
M,11.025,7.98,2.625,81.25,37.49625,7,A2,230.9461875,0.162359251
M,13.545,10.71,3.36,166.25,82.479375,9,A3,487.424952,0.169214511
M,14.07,10.5,3.99,189.875,76.23,10,A3,589.46265,0.129321171
M,12.075,9.555,2.835,113.375,52.531875,9,A3,327.0927319,0.160602392
M,10.815,8.295,2.52,80.75,35.26875,9,A3,226.070271,0.156007908
M,13.125,10.395,3.255,147.125,62.555625,9,A3,444.0938906,0.14086126
M,9.24,7.875,2.73,60.875,27.9675,9,A3,198.64845,0.140788916
M,11.865,9.03,2.73,98,43.250625,9,A3,292.4947935,0.147868017
M,13.125,9.975,3.675,167.5625,81.18,10,A3,481.1378906,0.16872502
M,11.025,8.505,2.835,94.6875,40.899375,10,A3,265.8312169,0.153854673
M,12.285,9.555,2.94,121.25,57.1725,9,A3,345.1065345,0.165666234
M,11.235,9.135,3.15,90.625,33.28875,9,A3,323.2899338,0.102968718
M,9.24,7.455,2.625,59.6875,16.335,9,A3,180.821025,0.090337946
M,14.595,11.55,4.305,271.625,140.20875,10,A3,725.7035363,0.193203895
M,13.545,10.605,3.465,163.375,53.645625,10,A3,497.7289721,0.107780796
M,11.76,9.03,3.045,112.4375,57.42,9,A3,323.357076,0.177574589
M,13.44,10.395,3.57,142.375,66.763125,10,A3,498.760416,0.133858107
M,13.44,10.815,1.68,130.25,63.73125,10,A3,244.194048,0.260986091
M,13.545,10.71,4.095,153.25,72.826875,10,A3,594.0491603,0.122594021
M,13.02,10.185,3.465,141.5625,64.783125,9,A3,459.4891455,0.140989457
M,9.66,7.875,2.73,71.6875,30.999375,9,A3,207.677925,0.149266587
M,10.71,7.98,2.835,85.125,42.508125,9,A3,242.295543,0.175439154
M,6.93,5.25,1.89,24.625,10.51875,10,A3,68.762925,0.152971241
M,11.76,9.765,3.045,110.9375,41.394375,9,A3,349.676838,0.118378945
M,13.23,10.5,3.885,170.25,71.589375,10,A3,539.684775,0.132650351
M,10.5,7.77,3.15,132.6875,61.1325,9,A3,256.99275,0.23787636
M,7.875,5.88,1.995,27.8125,10.828125,10,A3,92.378475,0.117214806
M,12.915,9.555,3.15,116.6875,47.2725,10,A3,388.7188988,0.121611015
M,13.86,10.5,3.465,164.9375,82.54125,9,A3,504.26145,0.163687409
M,9.87,7.665,2.835,69.13875,29.638125,10,A3,214.4778143,0.13818737
M,7.14,5.355,1.995,26.625,10.02375,9,A3,76.2782265,0.13141037
M,13.335,10.815,3.465,153.625,62.555625,10,A3,499.7154566,0.12518249
M,14.49,11.13,3.99,199.4375,83.9025,10,A3,643.482063,0.13038825
M,8.61,6.3,2.1,37.625,15.345,9,A3,113.9103,0.13471126
M,14.07,11.025,3.78,207.6875,99.061875,10,A3,586.360215,0.168943718
M,12.075,9.345,3.36,104.875,49.561875,9,A3,379.14534,0.13071999
M,12.18,9.45,3.36,108.4375,48.695625,9,A3,386.73936,0.12591329
M,12.39,9.975,3.465,134.625,56.244375,9,A3,428.2402163,0.131338377
M,12.285,9.975,3.15,133.125,65.773125,10,A3,386.0100563,0.170392258
M,12.6,10.71,3.885,160.625,75.425625,9,A3,524.26521,0.143869216
M,7.14,5.565,1.785,24.205,9.52875,10,A3,70.9253685,0.134348967
M,9.975,7.455,2.625,57.8125,23.0175,9,A3,195.2045156,0.117914793
M,10.5,8.19,2.835,97.6875,44.67375,9,A3,243.795825,0.183242473
M,11.445,8.925,2.835,105.5625,46.15875,10,A3,289.5856819,0.15939583
M,12.495,9.66,3.255,128.75,52.903125,10,A3,392.8840335,0.134653283
M,7.245,5.67,1.995,24.625,8.229375,9,A3,81.95290425,0.100415904
M,9.66,7.665,2.625,58.375,23.450625,10,A3,194.3652375,0.120652362
M,12.075,9.45,3.255,110.75,44.611875,9,A3,371.4239813,0.120110379
M,13.44,10.29,3.255,141.0625,59.02875,9,A3,450.158688,0.131128759
M,12.075,9.765,3.15,135,73.63125,9,A3,371.4239813,0.198240431
M,13.335,10.395,3.57,171.1875,81.30375,10,A3,494.8638503,0.164295189
M,9.975,7.875,2.73,64.6875,25.678125,10,A3,214.4500313,0.119739432
M,12.6,9.765,3.255,127.0625,63.36,10,A3,400.491945,0.158205429
M,12.81,10.08,3.885,163.3125,85.325625,10,A3,501.649848,0.170090005
M,6.195,4.725,1.89,18.54,5.94,9,A3,55.32289875,0.107369645
M,13.125,9.555,3.57,135.25,61.318125,9,A3,447.7114688,0.136959022
M,11.97,9.45,3.255,149.375,69.609375,10,A3,368.1942075,0.189056138
M,14.385,10.71,3.465,193.125,84.8925,10,A3,533.8295078,0.159025492
M,11.55,9.45,3.15,126.8125,50.36625,10,A3,343.814625,0.146492459
M,9.765,7.56,2.205,61,23.265,10,A3,162.780597,0.142922439
M,13.545,10.5,4.095,175.125,76.291875,10,A3,582.4011375,0.130995409
M,11.55,9.135,2.94,95.3125,40.46625,10,A3,310.197195,0.130453307
M,12.18,9.45,2.94,103,42.879375,10,A3,338.39694,0.126713247
M,10.08,7.875,3.045,97.125,26.73,9,A3,241.7121,0.110586106
M,10.395,8.295,2.625,67.6875,29.390625,9,A3,226.3446281,0.129849006
M,11.76,9.45,3.255,126.239375,44.488125,10,A3,361.73466,0.122985519
M,9.66,7.875,2.94,63.8125,23.76,9,A3,223.65315,0.106235928
M,14.385,10.605,3.99,191.625,82.54125,10,A3,608.6861708,0.135605594
M,12.39,9.24,2.835,120.75,54.32625,10,A3,324.561006,0.167383786
M,11.13,8.505,3.15,103.9375,43.56,10,A3,298.1810475,0.146085743
M,13.125,10.08,3.78,152.875,69.91875,10,A3,500.094,0.139811215
M,9.87,7.56,2.835,62.625,20.604375,10,A3,211.539762,0.097401901
M,13.44,10.5,3.57,181.8125,79.4475,9,A3,503.7984,0.157697007
M,8.925,7.14,2.52,48.5,18.43875,10,A3,160.58574,0.114821839
M,10.71,8.61,3.255,160.3125,70.41375,9,A3,300.1536405,0.234592357
M,14.805,11.76,3.465,209.375,98.62875,10,A3,603.280062,0.163487501
M,10.5,8.505,2.94,76.9375,29.82375,9,A3,262.54935,0.11359293
M,13.125,10.92,3.675,176.3125,85.51125,10,A3,526.719375,0.162346885
M,15.855,12.18,4.305,250.8125,102.650625,10,A3,831.3553395,0.123473827
M,12.075,9.45,2.835,115.1875,43.8075,9,A3,323.4983063,0.13541802
M,13.02,10.185,3.255,131.125,57.1725,10,A3,431.6413185,0.132453724
M,12.285,9.87,3.465,176.125,99,10,A3,420.1414718,0.235634915
M,12.495,9.135,3.36,132.125,52.655625,9,A3,383.516532,0.137296885
M,10.395,7.98,2.52,59.25,24.37875,10,A3,209.039292,0.116622812
M,13.755,11.55,3.78,159.25,72.5175,10,A3,600.529545,0.120755924
M,13.125,10.395,3.255,128.125,56.925,9,A3,444.0938906,0.128182353
M,10.185,7.77,2.94,71.5625,25.245,10,A3,232.664103,0.108504061
M,15.015,11.865,3.675,244.0625,94.606875,10,A3,654.7121831,0.144501473
M,11.97,9.87,3.255,148.25,78.643125,10,A3,384.5583945,0.204502427
M,13.65,10.92,3.255,171,76.539375,9,A3,485.18379,0.157753364
M,13.125,10.5,3.885,155.3125,74.188125,10,A3,535.4015625,0.138565388
M,12.39,10.29,3.465,150.875,69.17625,10,A3,441.7635915,0.156591107
M,12.285,10.08,3.885,130,53.7075,10,A3,481.090428,0.111637016
M,12.495,9.87,3.255,150.1875,60.885,10,A3,401.4249908,0.151672171
M,8.925,7.035,2.1,51.0625,21.718125,9,A3,131.8534875,0.164714073
M,13.65,10.815,3.675,183.25,83.77875,10,A3,542.5209563,0.15442491
M,7.77,5.985,2.1,28.5,8.353125,10,A3,97.657245,0.085535128
M,10.71,8.505,2.73,89.6875,46.096875,9,A3,248.6717415,0.18537239
M,12.495,9.975,2.94,128.8125,60.946875,10,A3,366.4346175,0.16632401
M,7.35,5.355,1.365,22.375,8.724375,10,A3,53.72537625,0.162388346
M,11.97,9.135,3.57,109.125,47.2725,10,A3,390.3650415,0.12109819
M,9.555,7.35,2.205,50.125,19.490625,9,A3,154.8554963,0.125863308
M,13.86,11.13,3.675,197.875,91.513125,10,A3,566.912115,0.16142383
M,7.035,5.565,1.995,24.6875,9.838125,9,A3,78.10380113,0.125962179
M,13.65,10.71,3.36,172.9375,79.014375,9,A3,491.20344,0.160858757
M,13.23,10.29,3.255,156.5625,77.9625,9,A3,443.1249585,0.175937957
M,13.65,10.815,2.625,147.5625,64.783125,9,A3,387.5149688,0.1671758
M,12.81,9.975,3.675,128,50.61375,9,A3,469.5905813,0.10778272
M,9.66,7.35,2.625,64.5625,23.326875,9,A3,186.377625,0.125159203
M,13.02,9.87,3.15,174.134375,72.64125,9,A3,404.79831,0.179450477
M,10.815,7.35,3.255,115.3125,51.789375,9,A3,258.7407638,0.200159319
M,12.915,9.975,3.57,141.125,59.338125,10,A3,459.9128363,0.129020372
M,13.125,10.815,3.465,152.125,82.54125,10,A3,491.8459219,0.167819324
M,12.39,10.185,3.255,134.8125,56.120625,9,A3,410.7554483,0.136627829
M,7.98,6.09,2.52,35.375,14.540625,9,A3,122.467464,0.118730514
M,12.6,9.66,3.15,155.875,66.020625,9,A3,383.4054,0.172195345
M,10.92,8.4,3.045,97.0625,43.621875,9,A3,279.31176,0.156176292
M,9.975,7.875,2.625,74.125,34.27875,10,A3,206.2019531,0.166238726
M,11.445,8.61,2.94,92.125,43.18875,9,A3,289.711863,0.149074841
M,8.925,6.93,2.73,55.0625,18.81,9,A3,168.8511825,0.111399871
M,12.495,9.765,2.625,99.875,40.156875,10,A3,320.2858969,0.125378218
M,11.97,9.555,3.15,119,48.200625,9,A3,360.2760525,0.133788035
M,14.07,11.025,3.78,186.4375,90.09,9,A3,586.360215,0.153642757
M,11.55,8.82,3.36,167.5625,78.271875,10,A3,342.28656,0.228673527
M,8.4,6.09,2.415,34.9375,13.798125,9,A3,123.54174,0.111687961
M,12.81,9.87,3.465,131.5,61.6275,9,A3,438.0962355,0.140671147
M,11.655,9.66,3.36,107.5,41.394375,10,A3,378.293328,0.109424016
M,13.02,10.29,3.15,149.375,56.986875,9,A3,422.02377,0.135032382
M,13.125,10.29,3.465,150.625,64.040625,10,A3,467.9699063,0.136847742
M,9.975,7.77,2.625,81.875,32.9175,10,A3,203.4525938,0.161794448
M,12.6,10.08,3.465,114.5625,51.170625,9,A3,440.08272,0.116275015
M,13.23,10.29,3.15,149.4375,72.331875,9,A3,428.830605,0.168672371
M,9.765,7.14,2.205,60.75,28.58625,9,A3,153.7372305,0.185942272
M,8.925,6.825,2.52,46.9375,17.5725,9,A3,153.501075,0.114478026
M,15.12,11.55,4.305,270.625,136.805625,10,A3,751.80798,0.181968839
M,13.02,9.975,4.095,169.8125,73.445625,10,A3,531.8360775,0.138098238
M,11.13,8.715,2.52,88.25,41.518125,9,A3,244.434834,0.169853553
M,12.705,9.975,3.675,156.5625,68.990625,9,A3,465.7414781,0.14813073
M,13.965,10.5,3.675,162.1875,75.178125,9,A3,538.8744375,0.13950954
M,10.5,8.4,2.625,74.6875,33.4125,9,A3,231.525,0.144314869
M,12.81,9.87,3.36,127.75,55.56375,9,A3,424.820592,0.130793448
M,11.445,8.61,2.52,99.125,53.7075,9,A3,248.324454,0.216279545
M,9.66,7.35,2.52,64.375,27.72,10,A3,178.92252,0.154927395
M,10.815,8.4,2.94,79.1875,35.64,9,A3,267.08724,0.133439546
M,15.12,12.285,4.62,244.035,112.14875,11,A4,858.161304,0.13068493
M,9.87,7.875,2.52,70.95375,27.685,12,A4,195.87015,0.14134364
M,13.44,12.075,3.675,185.95875,76.5625,11,A4,596.4084,0.128372605
M,11.55,9.45,3.57,103.275,38.8325,11,A4,389.656575,0.09965827
M,8.295,6.195,2.415,40.29,14.76125,12,A4,124.1008729,0.118945578
M,15.12,11.76,3.78,202.27875,84.6475,11,A4,672.126336,0.125939865
M,14.28,11.235,3.885,204.8925,88.75125,12,A4,623.293083,0.142390879
M,13.02,9.765,3.99,171.04125,69.88625,11,A4,507.289797,0.137763957
M,13.65,11.025,3.99,205.59375,95.1825,11,A4,600.4600875,0.158515948
M,11.97,9.66,2.94,121.57125,54.69625,12,A4,339.952788,0.160893665
M,14.07,11.025,3.465,205.08375,83.545,11,A4,537.4968638,0.155433465
M,10.5,7.98,3.255,75.92625,26.15375,12,A4,272.73645,0.095893857
M,13.545,10.395,3.99,196.2225,74.90875,12,A4,561.7930973,0.13333868
M,15.12,12.075,4.515,277.0575,116.55875,12,A4,824.32161,0.141399605
M,12.075,9.87,2.94,106.78125,42.69125,11,A4,350.389935,0.121839259
M,13.23,10.29,3.78,144.075,56.105,12,A4,514.596726,0.109027122
M,13.65,11.025,3.99,174.48375,73.19375,11,A4,600.4600875,0.121896112
M,11.865,9.24,2.415,117.10875,49.49,11,A4,264.762729,0.18692208
M,12.6,9.975,3.15,138.8475,63.63875,11,A4,395.90775,0.16074136
M,12.285,10.71,3.36,155.295,78.2775,11,A4,442.083096,0.177065128
M,7.98,5.985,2.1,33.97875,14.0875,11,A4,100.29663,0.140458358
M,12.705,10.5,3.675,139.995,58.37125,12,A4,490.2541875,0.119063236
M,10.185,8.085,2.625,60.88125,24.5,12,A4,216.1575281,0.113343265
M,8.61,6.825,2.52,47.74875,19.355,12,A4,148.08339,0.130703383
M,7.455,5.88,1.995,31.30125,11.69875,11,A4,87.451623,0.133773961
M,11.865,9.45,2.94,128.20125,46.36625,12,A4,329.645295,0.140654973
M,12.915,10.185,4.515,122.59125,51.695,11,A4,593.8998266,0.087043299
M,13.23,10.605,3.15,167.85375,77.48125,11,A4,441.9580725,0.175313576
M,13.965,11.025,3.78,182.1975,82.25875,12,A4,581.9843925,0.141341849
M,7.875,6.3,2.1,31.42875,12.74,11,A4,104.18625,0.122281011
M,11.55,8.82,3.045,94.15875,39.3225,11,A4,310.197195,0.126766137
M,12.915,9.87,3.045,131.13375,54.32875,11,A4,388.1493473,0.139968675
M,14.28,11.34,3.99,206.9325,87.77125,12,A4,646.121448,0.13584327
M,13.965,10.92,3.675,174.99375,74.235,12,A4,560.429415,0.132460927
M,13.02,10.185,3.255,131.26125,52.0625,12,A4,431.6413185,0.120615191
M,13.44,10.605,3.78,165.3675,72.275,11,A4,538.767936,0.134148666
M,8.085,6.51,2.1,36.27375,13.04625,11,A4,110.530035,0.118033528
M,15.75,11.55,3.78,241.3575,115.395,11,A4,687.62925,0.167815723
M,10.5,8.085,2.835,70.2525,27.50125,11,A4,240.6702375,0.114269426
M,8.61,6.51,2.625,45.83625,17.33375,11,A4,147.1341375,0.117809166
M,13.545,10.92,3.675,208.59,95.4275,11,A4,543.574395,0.175555547
M,15.12,11.865,4.2,268.45125,124.5825,12,A4,753.47496,0.165343915
M,14.805,11.55,4.41,189.4363125,80.2375,11,A4,754.1000775,0.10640166
M,13.125,10.5,3.78,174.73875,79.0125,12,A4,520.93125,0.151675485
M,12.6,10.08,3.255,129.285,55.2475,11,A4,413.41104,0.133638182
M,11.025,8.4,3.57,93.13875,34.1775,11,A4,330.6177,0.103374683
M,13.65,10.71,3.675,184.365,79.44125,12,A4,537.2537625,0.147865414
M,10.5,8.61,3.15,84.405,34.48375,11,A4,284.77575,0.121090893
M,11.76,9.555,3.255,101.6175,41.65,11,A4,365.753934,0.113874373
M,13.02,10.08,3.255,160.07625,64.5575,11,A4,427.191408,0.151120783
M,12.81,10.185,3.675,158.67375,66.64,12,A4,479.4766988,0.138984856
M,13.125,9.87,3.78,144.84,55.2475,11,A4,489.675375,0.112824746
M,13.125,10.185,3.57,183.2175,71.72375,11,A4,477.2309063,0.150291503
M,9.03,7.245,2.415,38.82375,11.33125,11,A4,157.9949753,0.071719053
M,15.015,11.55,3.99,255.57375,128.19625,12,A4,691.9587675,0.185265736
M,15.54,12.495,3.99,296.24625,140.81375,11,A4,774.747477,0.181754383
M,12.495,9.555,3.045,120.105,52.675,11,A4,363.5417126,0.144893964
M,12.81,10.08,3.465,158.61,77.72625,12,A4,447.417432,0.173721997
M,12.6,9.66,3.57,150.51375,55.86,11,A4,434.52612,0.128553837
M,13.125,10.395,3.885,176.39625,87.03625,11,A4,530.0475469,0.164204609
M,13.335,10.395,3.15,137.8275,59.10625,11,A4,436.6445738,0.135364673
M,12.915,9.87,3.675,158.355,69.51875,11,A4,468.4561088,0.148399709
M,13.755,11.025,3.36,186.15,84.035,11,A4,509.54022,0.164923193
M,13.65,10.605,3.99,162.435,72.275,11,A4,577.5854175,0.125133007
M,14.28,11.445,3.885,213.18,86.66875,11,A4,634.943421,0.136498383
M,13.335,10.5,3.465,162.3075,80.05375,12,A4,485.1606375,0.165004627
M,12.39,9.66,2.73,140.505,55.7375,12,A4,326.746602,0.170583258
M,12.495,9.87,3.675,147.2809875,46.795,12,A4,453.2217638,0.103249675
M,13.755,10.71,4.515,227.39625,108.84125,11,A4,665.1319658,0.163638579
M,13.755,10.92,3.78,190.23,88.01625,11,A4,567.773388,0.155020034
M,14.7,11.655,4.2,236.895,89.425,11,A4,719.5797,0.124273934
M,14.385,11.13,3.57,198.9,79.2575,11,A4,571.5750285,0.138665085
M,9.87,7.77,2.835,69.7425,27.195,12,A4,217.4158665,0.125082867
M,11.34,8.82,2.835,102.95625,42.69125,11,A4,283.553298,0.150558115
M,11.55,9.66,2.73,90.33375,37.3625,12,A4,304.59429,0.122663166
M,11.97,9.555,3.255,106.08,43.91625,11,A4,372.2852543,0.117963979
M,13.125,9.87,3.57,148.72875,56.41125,11,A4,462.4711875,0.121977869
M,9.66,7.875,2.835,62.92125,22.785,12,A4,215.6655375,0.105649703
M,8.4,6.51,2.31,40.035,16.905,11,A4,126.32004,0.133826747
M,9.555,7.455,2.73,65.6625,24.5,11,A4,194.4647933,0.125986815
M,13.125,10.29,3.465,142.35375,59.96375,11,A4,467.9699063,0.12813591
M,15.435,12.285,3.885,270.81,116.62,11,A4,736.6697179,0.158307037
M,13.335,10.92,3.675,164.73,73.5,11,A4,535.146885,0.137345469
M,11.76,9.66,4.935,107.03625,40.73125,12,A4,560.623896,0.072653432
M,9.765,7.56,1.68,62.22,23.3975,11,A4,124.023312,0.188654049
M,11.55,8.82,3.045,92.3125,39.72375,14,A5,310.197195,0.128059669
M,12.39,10.5,4.2,148.375,50.985,13,A5,546.399,0.093310932
M,13.86,11.13,3.57,173.8125,73.074375,14,A5,550.714626,0.132690093
M,12.075,9.45,3.885,115.625,42.3225,14,A5,443.3124938,0.095468773
M,15.75,11.655,4.515,275.125,131.360625,13,A5,828.8016188,0.158494653
M,13.125,9.87,3.57,145.8125,56.986875,14,A5,462.4711875,0.123222541
M,11.97,9.765,2.625,106.125,46.839375,14,A5,306.8285063,0.15265653
M,11.97,10.08,3.675,148.125,58.6575,13,A5,443.41668,0.132285281
M,12.495,10.5,3.465,132.5,49.7475,14,A5,454.5993375,0.109431528
M,12.285,9.555,3.255,141.625,68.248125,14,A5,382.0822346,0.178621561
M,13.02,10.185,3.255,128.6875,52.59375,13,A5,431.6413185,0.121845958
M,12.915,9.975,3.255,134.1875,54.140625,14,A5,419.3322919,0.129111509
M,14.28,10.92,3.465,184.6875,89.595,14,A5,540.323784,0.165817243
M,13.335,10.5,3.57,179.3125,75.61125,13,A5,499.862475,0.151264105
M,12.39,10.185,2.52,113.875,48.2625,13,A5,318.004218,0.151766855
M,14.28,10.92,3.675,192.875,93.121875,14,A5,573.07068,0.162496317
M,10.5,7.98,3.255,74.4375,26.420625,13,A5,272.73645,0.096872365
M,11.025,8.4,2.73,103.6875,29.761875,13,A5,252.8253,0.117717155
M,12.6,9.66,3.255,90.51125,35.26875,14,A5,396.18558,0.089020782
M,13.65,11.445,3.36,162.61125,60.26625,14,A5,524.91348,0.114811778
M,11.235,8.61,3.15,101.3125,42.69375,14,A5,304.7100525,0.140112706
M,11.235,9.24,3.15,84.5625,31.68,13,A5,327.00591,0.096878983
M,11.655,9.45,3.045,119.86625,49.5,13,A5,335.3755388,0.147595738
M,13.23,10.605,3.255,138.125,60.885,14,A5,456.6900083,0.133318003
M,13.335,10.08,3.99,183.375,72.084375,13,A5,536.323032,0.134404772
M,14.7,11.655,4.2,232.25,90.3375,13,A5,719.5797,0.125542035
M,14.595,11.13,3.99,215.75,94.359375,13,A5,648.1449765,0.145583748
M,12.495,9.975,3.36,164.6875,50.49,13,A5,418.78242,0.1205638
M,11.97,8.505,3.36,115.5625,42.631875,13,A5,342.064296,0.124631175
M,10.92,8.4,2.52,102.875,36.8775,13,A5,231.15456,0.159536113
M,12.18,9.87,3.465,115.875,39.785625,13,A5,416.550519,0.095512124
M,13.44,11.025,3.885,213.375,94.42125,13,A5,575.66376,0.164021529
M,7.35,5.565,1.89,22.1875,7.115625,13,A5,77.3061975,0.09204469
M,11.97,9.555,3.255,104,44.364375,13,A5,372.2852543,0.119167693
M,12.495,9.87,3.045,123.875,49.933125,14,A5,375.5266043,0.132968276
M,14.28,11.34,4.095,222.8125,68.866875,13,A5,663.124644,0.103852082
M,12.81,10.08,2.94,132.8125,63.855,13,A5,379.626912,0.168204619
M,13.545,10.5,3.99,153.625,65.5,17,A5,567.467775,0.115425057
M,11.13,9.135,3.36,110.375,39.5,15,A5,341.619768,0.115625627
M,12.285,8.505,3.15,157.0625,54.375,15,A5,329.1243638,0.165211106
M,13.23,10.71,3.99,187.3125,51.5625,16,A5,565.356267,0.091203553
M,12.6,10.395,3.465,155.1875,60.625,15,A5,453.835305,0.133583702
M,11.97,8.505,3.36,115.5625,43.0625,19,A5,342.064296,0.125890075
M,13.335,10.815,3.57,159.375,63.625,16,A5,514.8583493,0.123577679
M,11.76,9.45,3.675,126.375,47.9375,15,A5,408.4101,0.117375893
M,13.545,10.185,3.255,186.125,73.9375,18,A5,449.0462104,0.164654546
M,14.49,11.34,3.885,202.4375,66.625,24,A5,638.369991,0.104367375
M,12.285,9.555,4.725,131.875,47.6875,15,A5,554.6355019,0.085979891
M,12.39,9.66,3.255,113.25,40.875,15,A5,389.582487,0.104920014
M,13.44,10.71,3.675,171,64.375,21,A5,528.98832,0.121694558
M,8.82,6.825,2.415,36.0625,12.5,15,A5,145.3745475,0.08598479
M,13.23,10.815,3.465,169,61,20,A5,495.7806893,0.123038273
M,13.86,11.235,4.2,223.875,91.625,15,A5,654.01182,0.140096856
M,11.13,8.715,2.73,105.3125,34.375,20,A5,264.8044035,0.129812796
M,10.395,8.4,2.94,97.1875,25.1875,15,A5,256.71492,0.098114671
M,11.445,8.61,3.045,109.125,37.9375,18,A5,300.0587153,0.126433588
M,10.71,8.715,2.94,102.3125,37.8125,16,A5,274.412691,0.137794283
M,11.025,8.61,2.73,123.75,48.3125,15,A5,259.1459325,0.186429706
M,14.7,11.13,3.99,164.8125,68.5,18,A5,652.80789,0.10493133
M,12.915,10.08,3.99,170,66.3125,18,A5,519.430968,0.12766374
M,12.075,9.135,3.15,100.625,36.625,17,A5,347.4611438,0.10540747
M,9.555,7.665,1.995,64.25,28.0625,15,A5,146.1119546,0.192061629
M,11.865,9.765,3.15,141.0625,47.125,16,A5,364.9644338,0.129122171
M,13.23,10.185,3.675,162.5,54.1875,23,A5,495.1972463,0.109426093
M,12.075,8.4,3.255,116.5625,45.0625,17,A5,330.15465,0.136489067
M,12.18,9.66,3.465,153.4375,59.125,16,A5,407.687742,0.145025209
M,14.175,11.655,4.2,179.8125,68.125,21,A5,693.880425,0.09817974
M,13.44,10.5,3.885,162.9375,55.5625,16,A5,548.2512,0.101344967
M,9.345,7.245,2.94,59.5,25.6875,15,A5,199.0513035,0.129049645
M,13.335,10.08,4.935,133,51.625,16,A5,663.346908,0.077825041
M,13.755,11.13,3.675,157.9375,60.75,15,A5,562.6173263,0.107977478
M,12.81,10.29,3.15,137.875,53.125,23,A5,415.216935,0.127945167
M,13.545,10.185,4.515,189.25,68.25,16,A5,622.8705499,0.10957333
M,13.125,10.5,4.095,171.125,73.4375,17,A5,564.3421875,0.130129382
M,12.705,9.87,2.415,139.25,49.0625,15,A5,302.8370153,0.162009588
M,10.815,8.4,3.36,102.1875,31.4375,23,A5,305.24256,0.102991863
M,14.595,11.97,4.83,235.625,108.3125,19,A5,843.8113845,0.128361032
M,12.39,10.5,4.2,148.375,51.5,16,A5,546.399,0.094253467
M,11.76,9.45,3.36,115.25,54,15,A5,373.40352,0.144615669
