SEX,LENGTH,DIAM,HEIGHT,WHOLE,SHUCK,RINGS,CLASS
I,5.565,4.095,1.26,11.5,4.3125,6,A1
I,3.675,2.625,0.84,3.5,1.1875,4,A1
I,10.08,7.35,2.205,79.375,44,6,A1
I,4.095,3.15,0.945,4.6875,2.25,3,A1
I,6.93,4.83,1.785,21.1875,9.875,6,A1
I,7.875,6.09,2.1,27.375,11.5625,6,A1
I,6.3,4.62,1.68,16.029375,5.9375,5,A1
I,6.615,4.935,1.575,18.5625,7.3125,6,A1
I,5.25,3.885,1.365,8.875,3.375,5,A1
I,6.615,4.83,1.47,20.5,7.8125,6,A1
I,6.195,4.62,1.47,17.0625,7.1875,6,A1
I,5.67,4.2,1.47,12.5,4.25,5,A1
I,4.515,3.255,1.26,6.759375,2.625,5,A1
I,5.88,4.2,1.575,15.3125,6.8125,5,A1
I,6.3,4.83,1.785,14.625,6.25,6,A1
I,3.885,2.835,0.84,3.375,1.3125,5,A1
I,8.085,5.88,2.625,30.5,12.75,6,A1
I,4.305,3.15,1.365,5.665,2.5,4,A1
I,7.455,5.67,1.575,22.1875,9.875,6,A1
I,8.4,6.09,2.1,33.4375,15.0625,5,A1
I,9.135,6.825,2.31,45.875,19.9375,6,A1
I,6.93,4.305,1.995,19.9375,9.625,5,A1
I,7.14,5.355,1.575,22.5,9.3125,6,A1
I,6.3,4.935,1.68,16.375,6.25,4,A1
I,8.4,6.3,2.415,39.75,16.6875,6,A1
I,3.465,2.52,0.63,2.6875,0.875,3,A1
I,8.61,6.72,1.995,36.3125,17.625,5,A1
I,7.77,5.775,1.68,29.0625,11.625,6,A1
I,3.99,2.94,0.63,3.9375,1.5625,3,A1
I,5.46,4.2,1.47,11.5,4.625,6,A1
I,6.405,4.725,1.89,18.3125,7.875,6,A1
I,7.98,6.09,2.1,29.625,13.5,6,A1
I,5.88,4.515,1.68,16.5,9,5,A1
I,7.665,5.67,1.785,24.625,10.1875,6,A1
I,9.24,7.245,2.415,68.125,33.625,6,A1
I,5.04,3.675,1.155,8.8125,3.125,5,A1
I,4.305,3.255,0.945,6.1875,2.9375,3,A1
I,5.25,3.78,1.26,9.125,3.5,5,A1
I,5.775,4.62,1.68,17.0625,7.0625,6,A1
I,7.35,5.25,1.47,22.5,8.1875,6,A1
I,6.3,4.62,1.365,15.4375,7.375,5,A1
I,2.835,2.73,0.84,3.625,1.5625,4,A1
I,4.2,3.045,0.525,4.3125,1.375,5,A1
I,4.725,3.36,0.945,7.08125,3.125,4,A1
I,6.825,5.04,1.575,19,8.125,6,A1
I,7.77,5.88,2.1,27.625,14.5625,6,A1
I,8.61,6.825,2.1,40.5625,16.5,6,A1
I,7.98,5.985,1.785,29.625,14.375,6,A1
I,6.72,4.935,1.365,17.3125,7.25,5,A1
I,6.51,4.935,1.47,18.875,7.875,6,A1
I,7.665,5.67,1.785,23.4375,10.125,6,A1
I,9.87,7.455,2.52,46.0625,15.75,6,A1
I,3.78,2.73,0.945,4.055625,1.5625,3,A1
I,7.14,5.145,1.785,25.1875,12.5625,6,A1
I,8.295,6.3,1.89,35.6875,17.3125,5,A1
I,8.715,6.615,1.89,45.3125,21.875,6,A1
I,3.465,2.52,1.05,3.3475,0.9375,3,A1
I,6.72,4.305,1.68,22.625,11,5,A1
I,8.4,6.51,2.1,38.25,16.25,6,A1
I,7.35,5.25,1.575,21.1875,10.4375,6,A1
I,6.825,5.04,1.575,23.375,10.3125,6,A1
I,8.4,6.195,1.995,31.5,13.8125,6,A1
I,5.355,3.99,1.575,10.8125,4.3125,5,A1
I,8.82,6.615,2.1,42.9375,19.625,6,A1
I,2.73,1.995,0.735,1.93125,0.625,4,A1
I,8.82,6.405,1.89,41,21,6,A1
I,5.04,3.675,0.945,9.65625,3.9375,5,A1
I,7.665,5.67,1.89,26.9375,12.5625,6,A1
I,6.3,4.83,1.575,15.875,6.5,6,A1
I,7.98,5.775,2.31,32,13.75,6,A1
I,9.66,7.245,2.415,52.6875,23.6875,6,A1
I,3.36,2.31,0.525,2.25,0.8125,3,A1
I,5.88,4.41,1.785,13.4375,5.1875,5,A1
I,7.98,5.88,1.785,34.1875,14.375,6,A1
I,4.935,3.675,1.365,7.6875,2.5625,6,A1
I,8.4,6.615,2.1,40.3125,17.875,6,A1
I,4.83,3.57,1.05,7.125,3.25,5,A1
I,7.56,5.88,1.68,25.943125,10.125,6,A1
I,7.875,6.09,1.995,35.9375,15.375,6,A1
I,6.72,4.725,1.785,17.6875,8.4375,6,A1
I,7.14,5.46,1.68,25,10,6,A1
I,8.505,6.3,2.205,38,18.1875,6,A1
I,9.87,7.35,2.625,53.9375,23.75,6,A1
I,9.87,7.98,2.625,60.5625,26.375,6,A1
I,6.195,4.83,1.68,20.3125,8.125,5,A1
I,7.77,5.67,1.995,27.1875,12.125,6,A1
I,2.73,2.1,0.63,1.625,0.5625,3,A1
I,8.925,6.93,2.415,40.8125,16.4375,6,A1
I,3.36,2.31,0.525,2.4375,0.9375,4,A1
I,4.515,3.57,1.155,7.5625,2.5625,6,A1
I,9.03,7.14,2.205,55.0625,29.8125,6,A1
I,8.715,6.615,2.1,45.5625,22.0625,8,A2
I,8.61,6.3,2.1,35.25,15.6875,7,A2
I,7.56,5.67,1.995,25,9.125,8,A2
I,8.295,6.72,2.1,38.4375,18.625,8,A2
I,9.975,7.35,2.1,56.8125,27.0625,7,A2
I,8.61,6.51,1.89,42.375,19.375,7,A2
I,10.92,8.61,2.31,64.8125,27.0625,8,A2
I,10.92,8.19,2.73,69.3125,29.4375,7,A2
I,11.55,9.45,2.94,94.125,43.0625,8,A2
I,11.445,9.135,2.835,96.4375,46.5,8,A2
I,7.665,5.67,1.785,25.625,9.75,7,A2
I,9.135,7.875,2.31,51.9375,21.25,8,A2
I,9.975,7.56,3.045,79.0625,35.3125,8,A2
I,6.93,4.725,1.575,23.375,11.8125,7,A2
I,9.975,8.085,2.31,71.6875,38.875,7,A2
I,11.55,8.925,3.15,95.8125,42.375,8,A2
I,11.025,8.295,2.52,76,37.125,8,A2
I,9.87,7.875,2.52,60.875,24.5,8,A2
I,10.71,8.085,3.045,95.8125,49.8125,8,A2
I,7.455,5.46,1.89,24.0625,9.625,8,A2
I,7.77,5.67,1.89,23.1875,8.75,7,A2
I,12.075,9.03,2.73,92.8125,36.1875,8,A2
I,9.345,6.72,2.52,47.25,19,8,A2
I,11.655,9.135,2.94,95.625,49.3125,8,A2
I,10.92,8.61,2.52,74.375,29.8125,8,A2
I,8.925,6.3,1.995,43.9375,17.625,8,A2
I,8.505,6.3,1.785,37.9375,18.75,7,A2
I,9.135,6.825,2.52,49.9375,22.6875,8,A2
I,8.61,6.615,1.995,35.0625,14.25,7,A2
I,8.19,5.88,1.89,26.875,10.5625,8,A2
I,8.925,6.51,1.995,38.4375,17.375,7,A2
I,9.345,7.245,2.52,50.4375,21.125,7,A2
I,7.875,6.09,2.94,37.5,17.5,8,A2
I,8.61,6.825,2.205,45.125,20.0625,8,A2
I,9.66,7.14,1.89,48,22.4375,8,A2
I,9.03,6.615,2.415,48,23.5625,8,A2
I,8.19,6.615,1.89,38.6875,18.375,7,A2
I,8.505,6.3,2.52,40.5,15.8125,7,A2
I,12.285,9.45,3.15,111.4375,49.6875,8,A2
I,10.395,7.875,2.415,71.9375,38.75,8,A2
I,9.45,7.035,1.995,43.8125,20.1875,7,A2
I,10.185,7.77,2.94,63.3125,30.3125,8,A2
I,9.45,6.93,2.205,46.4375,23.3125,7,A2
I,7.98,5.985,1.995,30.375,11.1875,7,A2
I,7.35,5.88,1.575,24.5,10.25,8,A2
I,8.295,6.51,1.785,39.625,19.125,7,A2
I,8.085,5.88,1.995,32.125,14.875,7,A2
I,6.93,5.355,1.68,25.625,11.1875,7,A2
I,11.445,8.505,2.73,82.25,40.875,8,A2
I,5.565,4.095,1.155,10.5,4.5625,7,A2
I,7.875,6.405,2.415,33.9375,11.5,8,A2
I,11.13,8.82,2.52,74.5625,31.9375,7,A2
I,7.665,5.67,1.785,27.8125,11.6875,7,A2
I,6.72,5.04,1.575,21.6875,9.5,7,A2
I,9.24,7.14,2.1,47.375,21.5625,7,A2
I,6.09,4.305,1.47,12.1875,4.5,8,A2
I,9.45,7.035,2.205,45.25,19.6875,7,A2
I,9.45,7.035,2.415,49.1875,24.375,7,A2
I,10.605,8.505,2.73,75.1875,37.6875,8,A2
I,9.135,6.615,2.31,46.0625,20.1875,7,A2
I,8.82,6.3,2.205,39.5,15.6875,7,A2
I,10.185,7.875,2.94,65.125,25,8,A2
I,8.295,6.825,2.205,38.25,13.875,8,A2
I,11.34,8.19,2.625,78.1875,31.5625,8,A2
I,5.88,4.2,1.365,11.1875,4.5,7,A2
I,7.56,5.565,1.89,25.6875,12,7,A2
I,7.245,5.67,2.31,26.6875,10.25,7,A2
I,11.025,8.4,2.73,80.6875,40.625,8,A2
I,8.925,6.615,1.995,45.9375,23.3125,7,A2
I,8.085,6.3,1.995,37.75,19,7,A2
I,6.825,4.2,1.68,12.4375,4.9375,8,A2
I,10.185,7.56,2.52,64.4375,30.8125,8,A2
I,9.555,7.35,2.835,67.0625,35.6875,7,A2
I,10.5,8.085,2.52,70,35.4375,8,A2
I,8.925,6.51,1.995,43.8125,20.5625,8,A2
I,11.025,8.4,2.94,81.75,38.125,7,A2
I,8.505,6.405,2.1,33.5,14.3125,7,A2
I,10.395,7.98,2.52,64,29.125,7,A2
I,7.665,5.775,1.89,29.3125,13.5,7,A2
I,10.395,6.93,2.1,55,22.125,7,A2
I,7.875,5.775,1.995,28.6875,11.875,7,A2
I,9.45,6.93,2.415,45.625,17.5,8,A2
I,9.45,7.56,2.73,59.75,23.875,7,A2
I,8.295,6.195,1.995,34.0625,14.375,8,A2
I,12.915,9.975,2.73,105.3125,44.125,8,A2
I,10.5,8.4,2.52,77,32.625,8,A2
I,10.185,8.085,2.73,74.996875,31.3125,7,A2
I,8.19,6.3,2.1,33.3125,13.8125,7,A2
I,8.925,6.72,2.1,38.1875,15.75,7,A2
I,9.135,6.825,2.205,41.875,17,8,A2
I,7.35,5.46,1.995,26.375,10.75,7,A2
I,8.925,7.14,2.1,43.9375,20.3125,7,A2
I,10.5,7.77,2.415,71.8125,38.25,7,A2
I,10.185,7.665,2.205,65.0625,24.375,8,A2
I,10.5,7.875,2.94,68.6875,31,7,A2
I,7.56,5.46,1.89,22.3125,8.0625,7,A2
I,9.975,7.455,2.1,62.9375,31.6875,8,A2
I,8.295,6.3,1.89,34.875,16.75,8,A2
I,9.135,7.035,2.31,51.375,25.3125,7,A2
I,7.875,5.775,1.785,27.5,13.625,7,A2
I,9.765,7.455,2.52,72.5625,31.875,8,A2
I,8.085,6.09,1.785,32.57375,14,8,A2
I,9.87,8.085,2.73,73.375,33,8,A2
I,9.975,7.56,2.625,61.3125,25.625,8,A2
I,9.45,7.35,2.73,68.375,30.625,8,A2
I,9.66,7.56,2.205,58.25,27.8125,7,A2
I,11.34,8.82,2.94,92.5,44.9375,8,A2
I,7.035,5.25,1.995,23.125,9.9375,8,A2
I,9.135,6.3,2.52,74.5625,32.375,8,A2
I,11.445,9.03,2.94,96.5,36.125,8,A2
I,8.61,6.405,1.89,44.1875,19.625,7,A2
I,7.56,5.985,2.205,30.1875,11.4375,7,A2
I,8.19,6.3,1.995,40.8125,20.8125,7,A2
I,8.19,6.09,1.89,34.3125,16.875,8,A2
I,11.235,8.085,3.78,135.4375,61.9375,8,A2
I,12.6,10.08,3.57,114.6875,47.5,8,A2
I,11.13,8.295,2.415,59.375,25.3125,8,A2
I,8.715,6.825,2.1,41.6875,18.0625,7,A2
I,9.45,7.455,2.31,57.3125,24.25,8,A2
I,9.555,7.035,2.205,50.6875,21.875,8,A2
I,7.455,5.46,1.89,24.8125,8.9375,7,A2
I,10.185,7.665,2.94,65.984375,23.6875,8,A2
I,10.08,7.35,2.1,64.875,29.5625,7,A2
I,9.345,7.35,2.73,52.4375,21.1875,7,A2
I,9.87,7.665,2.1,51.375,21.875,8,A2
I,9.555,9.135,2.31,53.3125,24.375,8,A2
I,9.135,6.825,2.52,43.25,19.875,7,A2
I,10.92,7.98,2.415,83.0625,41.0625,7,A2
I,9.24,7.035,2.31,48.5625,21.875,7,A2
I,9.975,7.56,2.31,61.5,26.375,8,A2
I,6.825,5.04,1.47,19,7.0625,8,A2
I,7.875,5.985,1.89,32.125,13.0625,7,A2
I,10.71,8.295,2.205,69.0625,29.25,8,A2
I,15.225,11.55,4.62,256.1875,94.75375,20,A5
I,11.13,8.4,3.045,69.375,23.70375,9,A3
I,12.075,9.45,2.625,97.5,40.11875,9,A3
I,12.075,9.24,2.625,106.4375,55.79875,9,A3
I,11.13,8.925,2.73,95.9375,51.3275,9,A3
I,6.195,4.725,1.68,15.5,5.94125,9,A3
I,10.185,7.245,3.36,108.625,37.79125,9,A3
I,11.655,9.45,3.675,92.25,37.24,9,A3
I,10.185,7.77,2.415,57.125,23.09125,9,A3
I,11.55,8.925,3.15,79.875,32.9525,9,A3
I,12.285,9.66,2.94,95.4375,39.935,9,A3
I,11.025,8.4,3.045,76.1875,30.38,9,A3
I,9.87,7.875,2.205,55.125,20.4575,10,A3
I,10.815,8.295,2.625,72.5625,28.97125,9,A3
I,11.34,8.505,3.15,94.8125,37.6075,10,A3
I,11.34,8.82,2.94,90.8125,39.26125,9,A3
I,10.815,7.35,2.205,59.3125,26.0925,10,A3
I,11.34,8.715,3.255,87.75,39.445,10,A3
I,8.505,6.615,2.205,43.375,19.66125,9,A3
I,12.075,9.345,3.36,114.6875,55.125,9,A3
I,11.865,8.82,3.255,92.875,37.975,9,A3
I,6.72,5.25,1.68,19.5625,6.9825,9,A3
I,12.705,10.29,3.465,133.875,59.045,10,A3
I,12.495,9.87,2.835,117.0625,53.165,10,A3
I,10.815,8.4,2.835,87.0625,39.2,9,A3
I,13.23,9.975,3.045,132.5625,63.27125,10,A3
I,10.185,7.77,2.73,57.25,22.1725,10,A3
I,9.765,7.56,2.205,62.121875,26.95,9,A3
I,12.39,9.45,2.625,107.5,53.5325,9,A3
I,9.87,7.245,2.94,57.6875,28.0525,9,A3
I,11.34,8.715,2.31,77.375,33.74875,10,A3
I,11.235,8.82,3.045,86.0625,33.4425,9,A3
I,9.87,7.56,2.73,65.3125,24.255,9,A3
I,11.55,8.925,2.835,91.3125,40.73125,9,A3
I,11.97,9.45,3.045,93.875,34.60625,10,A3
I,9.975,7.665,2.415,61.25,27.3175,9,A3
I,10.185,7.455,2.205,62.25,26.64375,9,A3
I,10.92,8.61,2.94,87.375,41.58875,10,A3
I,10.71,7.875,3.15,105.1875,47.10125,10,A3
I,11.235,8.19,2.625,74.875,31.78875,9,A3
I,11.55,8.925,3.255,109.0625,50.47,10,A3
I,12.075,9.45,2.835,108.9375,55.125,10,A3
I,12.705,9.87,3.045,106.283125,46.4275,9,A3
I,12.81,9.765,2.625,115.3125,53.41,9,A3
I,10.605,8.085,2.625,74.5,30.0125,9,A3
I,10.5,8.085,3.15,78.3125,31.91125,10,A3
I,10.08,7.77,2.625,59.25,21.9275,9,A3
I,8.82,6.405,2.31,35,11.515,9,A3
I,9.24,7.665,2.31,55.8125,26.0925,9,A3
I,14.07,10.185,3.675,157.0625,65.59875,9,A3
I,10.92,8.295,2.625,82.875,36.81125,9,A3
I,9.975,7.14,2.205,56.6875,24.8675,9,A3
I,11.76,8.925,2.835,102.5625,45.50875,9,A3
I,10.5,7.98,2.835,74.25,36.07625,9,A3
I,10.815,8.4,2.835,79.5,37.42375,9,A3
I,12.81,9.765,3.15,120.0625,55.06375,9,A3
I,12.075,9.45,3.15,107.25,55.0025,10,A3
I,7.35,5.46,1.785,21.75,8.63625,10,A3
I,10.92,8.295,2.625,72.5625,29.95125,9,A3
I,13.65,10.92,3.15,154.75,67.31375,10,A3
I,11.445,8.925,2.94,101.8125,37.3625,10,A3
I,12.39,9.345,2.835,96.4375,40.18,9,A3
I,9.24,6.72,2.205,48.4375,21.49875,9,A3
I,11.865,9.135,3.045,105.5625,48.69375,9,A3
I,11.76,9.555,3.045,121.75,67.0075,9,A3
I,10.92,8.61,3.045,80.75,36.32125,9,A3
I,11.55,9.345,3.045,97.875,35.79778125,11,A4
I,11.34,8.925,2.73,101.9375,43.20421875,11,A4
I,13.02,10.185,3.78,144.25,58.01709375,12,A4
I,8.715,6.825,2.415,41.0625,16.51753125,12,A4
I,11.13,8.295,2.625,77.9375,34.97484375,11,A4
I,13.125,9.03,3.675,176.375,67.24575,12,A4
I,9.345,7.245,2.73,50.9375,16.04728125,11,A4
I,13.23,10.605,3.78,159,70.83140625,11,A4
I,12.81,10.29,3.36,144.3125,68.95040625,11,A4
I,9.765,7.14,2.31,43.25,16.75265625,11,A4
I,11.025,9.03,3.15,92.0625,37.91390625,11,A4
I,12.075,9.45,2.835,103.0625,39.67734375,11,A4
I,13.02,10.08,3.78,141.3125,62.13178125,12,A4
I,9.135,7.035,2.31,47.875,18.28096875,12,A4
I,11.55,8.715,2.835,101.1875,35.09240625,12,A4
I,7.875,5.88,2.1,32.0625,13.69603125,12,A4
I,11.235,9.45,3.57,97.625,35.91534375,11,A4
I,11.865,9.24,3.675,109.1875,48.670875,11,A4
I,11.865,9.03,2.835,106.8125,37.7375625,11,A4
I,13.02,9.87,3.255,120.75,52.5504375,11,A4
I,10.71,8.505,2.52,76.25,26.9218125,11,A4
I,10.605,8.16585,3.28755,95.25,44.1643125,14,A5
I,12.19575,9.65055,3.8178,106.5625,35.0870625,13,A5
I,13.25625,9.86265,3.28755,121.5,47.0155,14,A5
I,10.8171,8.484,3.1815,93.125,33.3414375,13,A5
I,11.0292,8.484,3.07545,82.5,31.072125,13,A5
I,9.43845,6.9993,2.121,54.625,18.969125,13,A5
I,8.16585,6.46905,2.01495,31.5,10.6483125,14,A5
I,9.01425,7.31745,2.65125,53.125,18.62,13,A5
I,9.3324,7.31745,2.5452,60.875,22.8676875,14,A5
I,10.92315,8.9082,2.86335,88.875,39.218375,13,A5
I,11.4534,8.484,3.07545,94.625,37.429875,15,A5
I,13.9986,11.13525,4.56015,223.25,79.9098125,17,A5
I,12.3018,8.9082,3.3936,91,32.3798125,19,A5
I,7.52955,5.9388,2.121,28.4375,11.1101375,16,A5
I,11.0292,8.59005,2.9694,72.1875,23.765,15,A5
I,10.92315,8.9082,2.86335,88.875,40.044025,20,A5
I,11.98365,9.3324,3.71175,109.1875,49.19355,17,A5
I,9.3324,7.31745,2.5452,60.875,23.3491125,20,A5
F,9.765,7.35,2.625,60.25,28.75,6,A1
F,10.71,8.4,2.625,68.125,32.625,6,A1
F,11.13,8.82,3.57,103.5,51.25,6,A1
F,10.815,7.875,2.31,75.8125,37.5625,6,A1
F,12.285,9.45,2.625,109.25,44.3125,6,A1
F,8.4,6.825,2.52,39.8125,16.75,8,A2
F,10.5,7.98,2.94,79.4375,34.625,8,A2
F,11.13,8.295,3.045,96.875,38.5,7,A2
F,11.76,9.03,3.15,109.3125,56.625,8,A2
F,13.335,10.5,3.99,161.25,74.125,8,A2
F,9.45,7.455,2.205,65.3125,29.625,8,A2
F,9.87,7.56,2.1,58.8125,20.4375,8,A2
F,9.66,7.56,2.415,61.220625,26.3125,8,A2
F,12.18,9.345,2.835,118.75,60.5,8,A2
F,11.55,9.24,2.835,105.4375,54.25,8,A2
F,7.77,5.775,1.68,28.375,11.625,8,A2
F,12.495,9.765,3.15,137.5625,67.6875,8,A2
F,12.6,9.66,3.045,116.5625,49.8125,8,A2
F,11.55,9.03,3.15,105,49.375,8,A2
F,12.81,10.395,3.885,144.125,67,8,A2
F,7.98,6.72,2.415,80.9375,40.375,7,A2
F,11.445,9.24,3.15,118.4375,45.75,8,A2
F,9.765,7.35,2.835,78.3125,32.375,8,A2
F,7.98,6.405,1.995,35.1875,15.6875,8,A2
F,8.4,6.3,2.415,37.8125,16.6875,8,A2
F,12.915,10.08,3.36,156.5625,73.125,8,A2
F,12.18,10.08,3.78,156.1875,61.8125,8,A2
F,9.66,7.875,2.52,57.5625,22.1875,7,A2
F,11.97,9.555,3.15,138.375,67.5,8,A2
F,7.77,5.775,2.1,27.8125,11.625,8,A2
F,12.075,9.66,3.045,124.3125,58.25,7,A2
F,9.66,7.875,2.52,61.4375,27.5625,7,A2
F,12.81,9.87,3.36,134.3125,61.5625,8,A2
F,11.97,9.135,2.94,107.3125,48.8125,8,A2
F,11.235,8.925,2.835,96.375,47.0625,8,A2
F,11.97,9.45,2.835,97.5625,41.8125,8,A2
F,9.66,7.35,2.415,55,23.75,8,A2
F,9.135,6.825,2.31,54.1875,22.25,7,A2
F,10.92,8.505,2.415,97,40,8,A2
F,11.235,9.345,2.625,109.0625,52.125,8,A2
F,12.075,9.135,3.15,133.706875,57.5625,8,A2
F,6.825,5.46,1.89,23.9375,10.625,7,A2
F,11.235,9.66,3.045,98.4375,42.4375,8,A2
F,12.18,9.135,3.15,104.25,53.5,8,A2
F,10.605,8.19,2.415,82.5,38.0625,8,A2
F,13.755,11.13,3.465,160.4375,72.875,8,A2
F,11.55,9.45,3.15,109.375,45.7025,10,A3
F,11.655,9.24,2.94,105.75,43.6825,10,A3
F,13.44,10.605,3.675,164.8125,78.085625,9,A3
F,15.33,11.97,3.465,252.0625,134.898125,10,A3
F,13.23,10.29,4.725,167,85.913125,10,A3
F,11.55,9.24,2.625,101.390625,41.6625,9,A3
F,12.915,9.765,3.15,115.375,58.264375,9,A3
F,13.125,10.29,3.255,139.375,61.105,9,A3
F,10.815,8.505,2.52,80.75,36.549375,10,A3
F,10.92,8.61,2.625,87.3125,37.180625,10,A3
F,10.815,8.715,2.94,86.6875,39.326875,10,A3
F,11.445,9.24,2.835,114.8125,54.16125,10,A3
F,12.495,9.765,3.15,122.5,51.951875,10,A3
F,12.915,10.185,3.36,144.6875,63.188125,10,A3
F,11.025,8.4,2.73,87.4375,39.326875,9,A3
F,11.13,8.61,3.045,106.5728125,47.34375,9,A3
F,13.23,10.605,4.095,163.25,65.145,9,A3
F,13.02,10.5,3.57,143.5,69.121875,10,A3
F,10.29,7.98,3.255,72.25,30.236875,9,A3
F,9.345,6.93,2.205,56.5625,22.725,9,A3
F,12.075,9.87,3.255,139.5,64.26125,10,A3
F,13.02,10.08,3.57,138.0625,67.54375,10,A3
F,10.605,8.4,3.465,91.125,33.771875,9,A3
F,13.545,10.815,3.675,193.25,88.816875,10,A3
F,12.705,9.87,3.465,147.1875,77.13875,9,A3
F,12.705,10.185,3.36,132.0625,46.7125,10,A3
F,12.18,9.45,3.255,116.25,48.60625,9,A3
F,13.65,10.92,4.095,160.125,75.560625,10,A3
F,13.125,9.87,3.57,156.875,66.28125,10,A3
F,13.755,10.29,3.36,150.5,68.869375,9,A3
F,10.815,8.19,2.73,71.9375,24.934375,9,A3
F,9.135,7.035,2.31,47.5,21.399375,9,A3
F,15.12,12.075,4.095,268.8125,135.655625,10,A3
F,10.71,8.4,2.52,87.5625,43.80875,10,A3
F,13.755,11.025,3.675,168.5,73.919375,10,A3
F,9.24,7.14,2.73,52.4375,19.31625,10,A3
F,8.82,6.93,2.625,57.875,23.4825,10,A3
F,14.7,11.025,3.99,205.8125,107.880625,9,A3
F,13.755,9.66,3.36,186.75,87.049375,9,A3
F,11.025,9.03,2.835,105.4375,54.603125,9,A3
F,11.235,8.61,2.73,89.3125,42.29375,9,A3
F,9.135,7.35,2.625,57.375,24.87125,9,A3
F,9.87,7.56,2.73,59,22.9775,10,A3
F,9.555,7.56,2.31,54.8125,26.0075,10,A3
F,11.55,7.98,3.465,150.625,68.55375,10,A3
F,13.125,10.29,2.31,142,66.470625,9,A3
F,12.915,9.975,3.57,131.875,68.55375,9,A3
F,14.385,11.235,3.675,198.0625,90.584375,9,A3
F,12.495,9.765,3.15,134.5625,61.98875,9,A3
F,11.13,8.82,2.835,84.625,32.383125,9,A3
F,13.125,10.08,3.57,169.0625,78.716875,10,A3
F,13.86,10.605,3.99,175.5625,78.969375,9,A3
F,12.705,10.29,3.15,141.8125,66.470625,9,A3
F,13.125,10.08,4.2,165.4375,76.696875,9,A3
F,12.075,10.08,3.465,134.75,64.51375,9,A3
F,13.65,10.29,3.255,140.25,68.80625,9,A3
F,12.285,9.765,3.045,123.1875,54.603125,10,A3
F,11.76,9.555,3.99,89.25,35.72875,9,A3
F,9.555,7.35,2.94,64.8125,27.90125,10,A3
F,11.97,9.03,3.36,101.375,48.921875,9,A3
F,13.755,10.71,3.15,130.375,60.536875,9,A3
F,9.03,7.35,1.89,49.625,19.884375,9,A3
F,14.07,11.34,4.2,182.5,81.241875,9,A3
F,13.23,10.5,3.885,172.875,68.175,10,A3
F,14.175,11.13,3.675,180.8125,85.534375,10,A3
F,13.65,11.235,3.675,161.1875,76.949375,10,A3
F,10.5,7.77,2.835,56.25,21.651875,9,A3
F,13.335,10.605,3.57,157.9375,64.64,9,A3
F,14.595,11.235,3.675,229.8125,101.441875,10,A3
F,8.505,6.825,2.31,44.4375,19.06375,9,A3
F,14.805,11.76,4.305,297.625,125.176875,10,A3
F,13.23,10.185,3.885,145.875,69.185,10,A3
F,13.86,10.395,4.41,193.5,91.405,10,A3
F,10.605,7.98,2.835,85.6875,45.57625,9,A3
F,13.755,10.71,3.675,176.875,74.298125,10,A3
F,9.24,7.14,2.94,60.25,23.4825,9,A3
F,15.645,11.97,4.515,281.25,146.008125,9,A3
F,11.97,9.765,3.36,111.6875,39.705625,10,A3
F,12.6,9.45,2.94,104.625,46.7125,10,A3
F,12.705,9.555,3.045,107.75,42.1675,9,A3
F,12.075,9.975,3.36,111.875,45.513125,9,A3
F,12.915,9.975,3.255,139.375,61.105,10,A3
F,11.445,8.085,3.15,139.8125,68.490625,9,A3
F,10.29,7.665,3.045,79.3125,25.186875,10,A3
F,10.5,8.295,2.94,94.309375,39.958125,10,A3
F,15.225,12.18,3.885,206.193125,101.568125,9,A3
F,13.545,10.92,3.78,160.625,72.909375,9,A3
F,11.76,9.24,2.835,100.3125,44.1875,9,A3
F,13.545,10.71,3.99,170.375,72.34125,10,A3
F,11.865,9.555,2.73,132.25,55.42375,10,A3
F,12.705,10.5,3.885,139.8125,59.21125,9,A3
F,12.915,10.395,3.465,149.75,68.364375,10,A3
F,14.07,10.605,4.305,170.5625,76.696875,9,A3
F,13.335,10.5,3.465,182.4375,89.00625,9,A3
F,14.805,11.55,3.57,152.375,80.736875,9,A3
F,9.975,7.875,2.625,72.3125,35.034375,10,A3
F,12.075,9.03,3.255,99.4375,43.998125,9,A3
F,10.815,8.295,3.465,94.5625,24.050625,10,A3
F,14.385,11.13,3.57,188.8125,93.235625,10,A3
F,9.975,8.19,2.52,66.3125,26.954375,10,A3
F,13.86,10.5,3.675,165.9375,70.195,9,A3
F,13.65,10.5,3.99,183,80.989375,9,A3
F,11.655,9.03,2.94,94.3125,44.503125,9,A3
F,13.125,10.185,3.465,153.1875,64.071875,10,A3
F,12.705,9.555,3.045,122.1875,59.085,9,A3
F,11.34,8.715,3.15,101.4375,48.921875,9,A3
F,13.02,10.08,3.465,130.375,61.041875,10,A3
F,13.02,9.975,3.36,165.5625,86.670625,9,A3
F,12.075,8.82,2.835,107.125,58.20125,10,A3
F,12.39,9.555,3.15,122,58.70625,10,A3
F,12.075,9.765,3.675,137.375,59.779375,9,A3
F,12.075,9.66,3.465,119.6875,60.789375,10,A3
F,11.025,8.715,3.15,88.1875,41.53625,10,A3
F,9.345,6.825,2.625,56.875,22.535625,9,A3
F,14.49,12.18,4.095,207.25,89.385,10,A3
F,15.015,12.285,4.83,259.0625,109.269375,10,A3
F,13.02,10.71,3.675,158.8125,68.364375,9,A3
F,11.445,8.61,2.415,84.5625,36.6125,9,A3
F,13.65,10.605,3.675,150.9375,64.450625,10,A3
F,13.335,10.395,3.675,154.4375,65.713125,10,A3
F,11.55,9.135,2.94,96.240625,43.80875,9,A3
F,13.755,10.815,3.78,180.03,79.760625,11,A4
F,14.91,11.97,4.095,252.51375,127.784375,12,A4
F,13.65,11.865,4.2,212.22375,96.94875,12,A4
F,13.86,10.5,3.465,151.78875,59.031875,12,A4
F,10.92,8.505,2.94,88.16625,35.535,11,A4
F,13.125,10.29,4.2,176.26875,75.898125,11,A4
F,14.28,11.55,3.675,187.8075,91.79875,11,A4
F,12.495,9.765,3.15,130.75125,53.045,11,A4
F,13.44,10.71,4.2,177.28875,78.5375,12,A4
F,14.07,11.34,4.095,206.4225,95.275,11,A4
F,12.495,9.45,3.465,137.8275,63.0875,12,A4
F,13.755,11.34,4.515,198.32625,89.48125,11,A4
F,13.86,11.13,3.885,171.615,70.2975,11,A4
F,12.81,9.975,2.94,144.4575,67.915625,11,A4
F,13.335,10.185,3.255,136.8075,60.12625,11,A4
F,13.335,10.605,3.255,164.41125,76.4775,11,A4
F,14.28,11.76,4.095,226.63125,110.85375,11,A4
F,11.55,9.03,3.255,100.0875,37.20875,11,A4
F,12.81,9.87,4.095,162.37125,60.38375,12,A4
F,14.28,10.815,3.675,206.35875,65.984375,12,A4
F,13.755,10.5,4.305,194.82,80.018125,11,A4
F,14.91,11.55,3.57,205.785,95.66125,11,A4
F,13.755,10.605,4.095,183.66375,88.58,11,A4
F,12.39,9.975,3.255,123.86625,47.76625,11,A4
F,12.285,8.82,3.255,131.835,56.26375,11,A4
F,13.86,10.605,3.885,194.82,88.8375,11,A4
F,14.175,11.34,4.41,203.1075,88.3225,11,A4
F,14.28,10.605,3.57,171.29625,84.58875,12,A4
F,15.12,11.865,3.78,219.1725,108.986875,11,A4
F,13.545,10.71,4.2,199.85625,79.95375,12,A4
F,14.7,11.55,3.57,214.71,97.013125,11,A4
F,12.6,9.765,3.36,144.4575,59.9975,11,A4
F,14.91,11.865,4.095,231.6675,101.06875,11,A4
F,11.76,9.66,3.78,123.675,44.0325,12,A4
F,13.755,11.34,3.675,198.70875,93.794375,11,A4
F,9.45,7.245,2.415,63.24,24.526875,12,A4
F,14.28,11.55,3.99,230.3925,105.896875,11,A4
F,15.225,11.97,4.305,206.48625,95.79,11,A4
F,13.23,10.08,3.15,134.19375,50.47,12,A4
F,13.02,10.605,3.36,174.99375,80.919375,11,A4
F,13.545,10.605,3.465,168.045,70.8125,11,A4
F,9.24,7.245,3.57,52.08375,19.3125,12,A4
F,10.605,8.505,3.78,77.265,30.77125,11,A4
F,13.44,10.92,3.675,159.12,54.654375,12,A4
F,13.44,10.185,3.045,144.52125,71.134375,11,A4
F,14.07,11.13,4.305,178.69125,82.78625,12,A4
F,12.39,9.555,3.465,148.0275,48.925,12,A4
F,9.24,7.455,2.415,52.9125,20.406875,11,A4
F,13.23,10.605,3.465,135.7875,59.160625,12,A4
F,14.175,11.865,4.095,234.28125,98.429375,12,A4
F,13.44,10.395,3.57,156.37875,63.0875,11,A4
F,15.33,12.18,3.99,221.53125,87.356875,11,A4
F,12.915,10.29,3.99,144.64875,60.448125,11,A4
F,13.965,10.92,3.465,215.28375,93.923125,11,A4
F,12.18,9.765,3.045,125.77875,60.5125,11,A4
F,8.925,7.245,2.31,46.72875,16.09375,11,A4
F,11.025,8.505,3.36,83.895,34.183125,12,A4
F,15.12,12.075,4.515,267.75,110.274375,12,A4
F,11.34,8.82,2.94,102.6375,47.50875,11,A4
F,12.81,9.87,3.465,150.25875,72.8725,11,A4
F,12.915,9.975,3.675,152.235,71.97125,11,A4
F,12.915,11.025,3.255,132.40875,54.97625,11,A4
F,14.7,11.445,2.73,198.39,86.584375,12,A4
F,14.805,11.76,3.57,185.83125,78.15125,11,A4
F,13.755,9.555,3.57,164.41125,75.57625,11,A4
F,13.44,10.605,3.99,162.75375,62.250625,12,A4
F,14.28,11.76,4.095,212.16,74.675,11,A4
F,11.445,9.24,3.675,98.74875,38.431875,11,A4
F,13.755,10.5,2.94,149.23875,69.589375,12,A4
F,10.08,7.98,3.045,79.188975,29.87,12,A4
F,13.335,10.185,3.465,161.86125,72.550625,11,A4
F,11.025,8.4,2.415,80.26125,32.895625,11,A4
F,15.015,11.025,3.885,198.9,85.683125,11,A4
F,11.655,8.925,2.94,100.47,36.3075,11,A4
F,13.965,10.605,3.36,164.66625,81.24125,11,A4
F,12.495,9.03,4.41,194.37375,84.07375,11,A4
F,11.76,9.24,2.94,118.38375,49.246875,11,A4
F,13.23,10.08,3.36,152.8725,67.786875,11,A4
F,14.07,11.55,3.99,177.28875,69.846875,12,A4
F,13.755,11.445,3.465,206.86875,84.395625,12,A4
F,12.285,8.715,3.255,89.05875,38.625,12,A4
F,12.39,8.715,3.15,112.26375,46.929375,11,A4
F,15.75,12.81,4.935,313.5625,157.08,14,A5
F,13.335,10.71,3.675,151.5625,73.12125,14,A5
F,13.23,9.975,3.675,177.875,52.97625,14,A5
F,13.02,10.71,3.15,182,74.0775,13,A5
F,9.975,7.35,2.415,60.875,24.735,13,A5
F,13.125,10.185,2.835,162.8125,77.775,14,A5
F,12.915,9.87,3.675,162.3125,65.47125,14,A5
F,12.18,9.45,4.935,133.875,38.25,14,A5
F,14.7,12.075,3.57,163.75,64.96125,14,A5
F,15.435,11.865,4.725,254.625,110.925,13,A5
F,10.71,8.19,2.205,76.5,23.8425,13,A5
F,12.18,9.555,3.57,113.4375,47.685,13,A5
F,12.705,9.45,3.465,152.8125,45.5175,13,A5
F,14.175,11.55,3.99,193.875,90.58875,13,A5
F,13.02,10.71,4.305,168.4375,60.88125,14,A5
F,11.445,9.345,3.675,106.5625,44.17875,13,A5
F,9.555,7.665,2.31,48.125,21.165,13,A5
F,13.02,10.08,4.83,136.6875,51.3825,14,A5
F,14.805,11.445,3.78,192.4375,77.45625,13,A5
F,9.765,7.98,2.835,72.375,26.52,14,A5
F,11.235,8.82,3.15,92.0625,35.50875,14,A5
F,9.03,7.035,2.52,55.5,19.7625,13,A5
F,12.6,10.605,3.99,141.125,55.90875,13,A5
F,12.39,9.345,2.73,141.5625,48.76875,13,A5
F,13.23,10.5,3.36,152.5,62.53875,14,A5
F,12.285,8.82,3.255,123.0625,56.355,13,A5
F,12.705,10.185,3.36,152.75,67.575,13,A5
F,11.34,9.135,3.675,111.5,41.055,13,A5
F,10.185,7.665,2.94,77.4375,33.08625,14,A5
F,14.595,11.025,4.305,227.3125,104.4225,13,A5
F,14.07,11.445,3.675,213.375,89.18625,13,A5
F,9.135,7.35,2.31,48,18.2325,13,A5
F,11.55,9.135,3.57,110.5,36.65625,14,A5
F,12.075,10.185,3.465,130.0625,53.4225,14,A5
F,10.92,8.61,3.57,108.8125,47.62125,14,A5
F,14.175,11.655,4.305,240.625,90.9075,13,A5
F,11.97,9.765,3.78,124.9375,51.6375,16,A5
F,8.295,6.615,2.205,43.9375,15.10875,16,A5
F,12.81,10.29,3.57,147.1875,72.10125,15,A5
F,9.45,7.98,3.465,102.0625,31.875,23,A5
F,13.965,11.235,3.99,187,73.63125,17,A5
F,15.645,12.285,3.99,245.75,107.54625,18,A5
F,13.44,11.025,4.515,222.375,57.82125,22,A5
F,12.705,9.975,3.045,127.3125,59.86125,15,A5
F,12.81,10.185,3.465,136.4375,50.17125,18,A5
F,12.495,9.975,3.57,155.875,61.2,20,A5
F,13.125,10.815,3.15,155.1875,66.74625,15,A5
F,14.805,11.655,4.2,183.5625,60.11625,19,A5
F,14.49,11.34,3.885,196.4375,88.42125,15,A5
F,12.6,9.975,3.78,147.5625,55.39875,19,A5
F,14.28,11.55,4.2,199.5,66.9375,21,A5
F,10.08,7.77,2.73,73.5625,31.55625,15,A5
F,13.545,10.29,4.515,175.75,54.37875,25,A5
F,10.92,8.505,3.045,103.625,45.07125,15,A5
F,13.86,10.92,4.2,209.5,85.8075,17,A5
F,10.29,7.665,2.73,85.4375,21.0375,21,A5
F,11.97,9.45,3.675,119.4375,48.45,18,A5
F,13.02,9.87,4.2,153.1875,48.5775,23,A5
F,14.49,11.655,4.305,227.0625,99.25875,19,A5
F,14.7,11.34,4.515,247.25,85.10625,24,A5
F,14.385,11.025,3.675,213.75,69.04125,16,A5
F,16.8,13.23,4.095,315.75,118.9575,23,A5
F,14.28,11.76,3.465,204.875,77.20125,15,A5
F,11.655,9.135,3.465,121.25,42.84,17,A5
F,12.6,9.975,3.78,145.25,65.1525,18,A5
F,12.6,10.08,3.15,128.625,52.08375,16,A5
F,10.605,8.925,2.94,106.25,35.0625,19,A5
F,14.49,11.76,4.515,214.875,86.7,17,A5
F,10.395,8.4,3.255,80.5625,30.855,17,A5
F,13.02,9.87,4.725,139.375,48.195,15,A5
F,13.02,10.92,4.725,147.9375,48.195,23,A5
F,14.28,11.55,4.41,218.0625,76.18125,17,A5
F,11.865,9.555,3.675,126.625,43.605,19,A5
F,11.235,8.715,3.885,105.1875,40.035,15,A5
F,13.965,11.13,3.885,174.4375,58.14,15,A5
F,11.97,9.24,2.94,119.1875,48.25875,17,A5
F,13.86,11.865,4.095,220.0625,88.23,16,A5
M,7.98,5.67,1.995,27.375,10.4375,6,A1
M,7.455,5.46,1.785,23.8125,10.125,6,A1
M,7.875,6.405,1.89,40.5625,17.4375,5,A1
M,10.08,7.875,2.415,84.5625,40.0625,6,A1
M,3.255,2.31,0.84,1.9375,0.8125,3,A1
M,10.5,8.19,2.625,65.1875,31.0625,6,A1
M,4.935,3.36,1.26,6.8125,3.3125,4,A1
M,10.5,8.19,2.835,82.4375,39.3125,6,A1
M,5.88,4.305,2.1,14.5625,6.8125,5,A1
M,5.67,4.095,1.68,12.5,4.8125,6,A1
M,9.45,7.035,2.625,58.259375,27.0625,6,A1
M,5.46,4.2,1.365,13.00375,5.5,6,A1
M,9.87,7.875,2.52,72.5625,32.9175,8,A2
M,6.72,5.04,1.785,21.25,8.105625,7,A2
M,8.925,6.93,1.68,45.125,16.5825,7,A2
M,8.82,7.14,2.415,52.6875,21.65625,8,A2
M,6.51,4.725,1.68,16.8125,6.6825,7,A2
M,10.605,9.24,2.94,103.4375,42.260625,8,A2
M,7.98,6.3,2.1,31.3125,13.1175,8,A2
M,11.025,8.505,2.73,89.8125,40.404375,8,A2
M,11.235,8.715,2.835,97.5,39.166875,8,A2
M,12.18,9.555,2.73,106.5,50.7375,8,A2
M,8.4,6.72,1.995,37.875,16.520625,7,A2
M,9.45,6.825,2.415,53.8125,27.658125,8,A2
M,11.235,8.505,2.94,91.4375,41.58,7,A2
M,11.025,8.715,2.835,99.3125,48.7575,7,A2
M,5.355,4.095,1.365,10,3.898125,8,A2
M,9.765,7.455,2.52,66.4375,33.721875,8,A2
M,10.29,7.98,2.31,69.25,36.320625,8,A2
M,9.87,7.665,2.52,79.43875,40.46625,8,A2
M,12.075,9.45,3.465,120.6875,61.6275,8,A2
M,9.975,8.085,2.52,70.25,35.76375,8,A2
M,9.975,7.56,2.1,53.5625,24.316875,7,A2
M,11.445,8.19,2.835,97.9375,52.284375,7,A2
M,11.97,9.66,3.57,112.9375,50.428125,7,A2
M,10.71,8.19,2.835,96.125,48.695625,8,A2
M,11.76,9.03,3.255,108.4375,49.5,8,A2
M,13.125,10.5,2.73,135.25,71.589375,8,A2
M,10.08,7.665,2.73,66.3125,29.761875,8,A2
M,12.18,9.45,2.52,108.5625,51.7275,8,A2
M,9.555,7.35,2.31,57.25,24.75,8,A2
M,11.235,8.505,2.94,102.25,49.7475,7,A2
M,8.505,6.51,2.1,48.125,21.40875,7,A2
M,9.975,7.77,2.625,81.125,42.94125,8,A2
M,9.87,7.77,2.73,65.3125,24.87375,7,A2
M,10.71,8.505,2.625,86.5625,40.46625,7,A2
M,12.915,10.605,3.99,175.375,83.098125,8,A2
M,9.765,7.56,2.31,61.9375,32.979375,7,A2
M,10.71,8.715,3.045,93.875,40.775625,8,A2
M,13.65,10.5,2.94,154.75,76.291875,8,A2
M,9.24,6.825,1.68,51.625,17.82,8,A2
M,11.655,9.135,2.94,93.6875,42.19875,8,A2
M,11.445,8.82,3.045,97.25,46.344375,7,A2
M,10.92,8.715,3.675,94.125,31.9275,8,A2
M,8.715,6.615,2.52,50.1875,24.62625,8,A2
M,8.82,7.035,2.415,46.125,21.16125,8,A2
M,7.35,5.565,1.89,28.1875,12.313125,7,A2
M,9.87,7.875,2.73,65.375,26.4825,8,A2
M,10.185,7.665,3.255,128.625,52.408125,8,A2
M,10.605,8.4,3.15,96.875,42.631875,7,A2
M,14.49,11.025,3.675,212.5625,102.155625,8,A2
M,7.77,5.88,2.205,28,10.085625,8,A2
M,10.185,8.19,2.835,77.125,30.9375,8,A2
M,11.13,8.61,2.94,94.3125,43.250625,8,A2
M,13.02,9.45,4.2,107.25,53.026875,8,A2
M,13.545,10.92,3.675,195.125,87.73875,8,A2
M,11.445,9.45,3.15,97.5625,46.963125,8,A2
M,10.92,8.4,2.52,72.5,28.9575,8,A2
M,12.18,9.555,3.15,139.25,58.966875,8,A2
M,11.655,9.135,3.045,115.0625,49.995,8,A2
M,8.82,7.245,2.205,53.75,21.65625,7,A2
M,9.87,7.875,2.415,53.3125,20.851875,8,A2
M,9.87,7.56,2.205,68,33.4125,7,A2
M,11.025,7.98,2.625,81.25,37.49625,7,A2
M,13.545,10.71,3.36,166.25,82.479375,9,A3
M,14.07,10.5,3.99,189.875,76.23,10,A3
M,12.075,9.555,2.835,113.375,52.531875,9,A3
M,10.815,8.295,2.52,80.75,35.26875,9,A3
M,13.125,10.395,3.255,147.125,62.555625,9,A3
M,9.24,7.875,2.73,60.875,27.9675,9,A3
M,11.865,9.03,2.73,98,43.250625,9,A3
M,13.125,9.975,3.675,167.5625,81.18,10,A3
M,11.025,8.505,2.835,94.6875,40.899375,10,A3
M,12.285,9.555,2.94,121.25,57.1725,9,A3
M,11.235,9.135,3.15,90.625,33.28875,9,A3
M,9.24,7.455,2.625,59.6875,16.335,9,A3
M,14.595,11.55,4.305,271.625,140.20875,10,A3
M,13.545,10.605,3.465,163.375,53.645625,10,A3
M,11.76,9.03,3.045,112.4375,57.42,9,A3
M,13.44,10.395,3.57,142.375,66.763125,10,A3
M,13.44,10.815,1.68,130.25,63.73125,10,A3
M,13.545,10.71,4.095,153.25,72.826875,10,A3
M,13.02,10.185,3.465,141.5625,64.783125,9,A3
M,9.66,7.875,2.73,71.6875,30.999375,9,A3
M,10.71,7.98,2.835,85.125,42.508125,9,A3
M,6.93,5.25,1.89,24.625,10.51875,10,A3
M,11.76,9.765,3.045,110.9375,41.394375,9,A3
M,13.23,10.5,3.885,170.25,71.589375,10,A3
M,10.5,7.77,3.15,132.6875,61.1325,9,A3
M,7.875,5.88,1.995,27.8125,10.828125,10,A3
M,12.915,9.555,3.15,116.6875,47.2725,10,A3
M,13.86,10.5,3.465,164.9375,82.54125,9,A3
M,9.87,7.665,2.835,69.13875,29.638125,10,A3
M,7.14,5.355,1.995,26.625,10.02375,9,A3
M,13.335,10.815,3.465,153.625,62.555625,10,A3
M,14.49,11.13,3.99,199.4375,83.9025,10,A3
M,8.61,6.3,2.1,37.625,15.345,9,A3
M,14.07,11.025,3.78,207.6875,99.061875,10,A3
M,12.075,9.345,3.36,104.875,49.561875,9,A3
M,12.18,9.45,3.36,108.4375,48.695625,9,A3
M,12.39,9.975,3.465,134.625,56.244375,9,A3
M,12.285,9.975,3.15,133.125,65.773125,10,A3
M,12.6,10.71,3.885,160.625,75.425625,9,A3
M,7.14,5.565,1.785,24.205,9.52875,10,A3
M,9.975,7.455,2.625,57.8125,23.0175,9,A3
M,10.5,8.19,2.835,97.6875,44.67375,9,A3
M,11.445,8.925,2.835,105.5625,46.15875,10,A3
M,12.495,9.66,3.255,128.75,52.903125,10,A3
M,7.245,5.67,1.995,24.625,8.229375,9,A3
M,9.66,7.665,2.625,58.375,23.450625,10,A3
M,12.075,9.45,3.255,110.75,44.611875,9,A3
M,13.44,10.29,3.255,141.0625,59.02875,9,A3
M,12.075,9.765,3.15,135,73.63125,9,A3
M,13.335,10.395,3.57,171.1875,81.30375,10,A3
M,9.975,7.875,2.73,64.6875,25.678125,10,A3
M,12.6,9.765,3.255,127.0625,63.36,10,A3
M,12.81,10.08,3.885,163.3125,85.325625,10,A3
M,6.195,4.725,1.89,18.54,5.94,9,A3
M,13.125,9.555,3.57,135.25,61.318125,9,A3
M,11.97,9.45,3.255,149.375,69.609375,10,A3
M,14.385,10.71,3.465,193.125,84.8925,10,A3
M,11.55,9.45,3.15,126.8125,50.36625,10,A3
M,9.765,7.56,2.205,61,23.265,10,A3
M,13.545,10.5,4.095,175.125,76.291875,10,A3
M,11.55,9.135,2.94,95.3125,40.46625,10,A3
M,12.18,9.45,2.94,103,42.879375,10,A3
M,10.08,7.875,3.045,97.125,26.73,9,A3
M,10.395,8.295,2.625,67.6875,29.390625,9,A3
M,11.76,9.45,3.255,126.239375,44.488125,10,A3
M,9.66,7.875,2.94,63.8125,23.76,9,A3
M,14.385,10.605,3.99,191.625,82.54125,10,A3
M,12.39,9.24,2.835,120.75,54.32625,10,A3
M,11.13,8.505,3.15,103.9375,43.56,10,A3
M,13.125,10.08,3.78,152.875,69.91875,10,A3
M,9.87,7.56,2.835,62.625,20.604375,10,A3
M,13.44,10.5,3.57,181.8125,79.4475,9,A3
M,8.925,7.14,2.52,48.5,18.43875,10,A3
M,10.71,8.61,3.255,160.3125,70.41375,9,A3
M,14.805,11.76,3.465,209.375,98.62875,10,A3
M,10.5,8.505,2.94,76.9375,29.82375,9,A3
M,13.125,10.92,3.675,176.3125,85.51125,10,A3
M,15.855,12.18,4.305,250.8125,102.650625,10,A3
M,12.075,9.45,2.835,115.1875,43.8075,9,A3
M,13.02,10.185,3.255,131.125,57.1725,10,A3
M,12.285,9.87,3.465,176.125,99,10,A3
M,12.495,9.135,3.36,132.125,52.655625,9,A3
M,10.395,7.98,2.52,59.25,24.37875,10,A3
M,13.755,11.55,3.78,159.25,72.5175,10,A3
M,13.125,10.395,3.255,128.125,56.925,9,A3
M,10.185,7.77,2.94,71.5625,25.245,10,A3
M,15.015,11.865,3.675,244.0625,94.606875,10,A3
M,11.97,9.87,3.255,148.25,78.643125,10,A3
M,13.65,10.92,3.255,171,76.539375,9,A3
M,13.125,10.5,3.885,155.3125,74.188125,10,A3
M,12.39,10.29,3.465,150.875,69.17625,10,A3
M,12.285,10.08,3.885,130,53.7075,10,A3
M,12.495,9.87,3.255,150.1875,60.885,10,A3
M,8.925,7.035,2.1,51.0625,21.718125,9,A3
M,13.65,10.815,3.675,183.25,83.77875,10,A3
M,7.77,5.985,2.1,28.5,8.353125,10,A3
M,10.71,8.505,2.73,89.6875,46.096875,9,A3
M,12.495,9.975,2.94,128.8125,60.946875,10,A3
M,7.35,5.355,1.365,22.375,8.724375,10,A3
M,11.97,9.135,3.57,109.125,47.2725,10,A3
M,9.555,7.35,2.205,50.125,19.490625,9,A3
M,13.86,11.13,3.675,197.875,91.513125,10,A3
M,7.035,5.565,1.995,24.6875,9.838125,9,A3
M,13.65,10.71,3.36,172.9375,79.014375,9,A3
M,13.23,10.29,3.255,156.5625,77.9625,9,A3
M,13.65,10.815,2.625,147.5625,64.783125,9,A3
M,12.81,9.975,3.675,128,50.61375,9,A3
M,9.66,7.35,2.625,64.5625,23.326875,9,A3
M,13.02,9.87,3.15,174.134375,72.64125,9,A3
M,10.815,7.35,3.255,115.3125,51.789375,9,A3
M,12.915,9.975,3.57,141.125,59.338125,10,A3
M,13.125,10.815,3.465,152.125,82.54125,10,A3
M,12.39,10.185,3.255,134.8125,56.120625,9,A3
M,7.98,6.09,2.52,35.375,14.540625,9,A3
M,12.6,9.66,3.15,155.875,66.020625,9,A3
M,10.92,8.4,3.045,97.0625,43.621875,9,A3
M,9.975,7.875,2.625,74.125,34.27875,10,A3
M,11.445,8.61,2.94,92.125,43.18875,9,A3
M,8.925,6.93,2.73,55.0625,18.81,9,A3
M,12.495,9.765,2.625,99.875,40.156875,10,A3
M,11.97,9.555,3.15,119,48.200625,9,A3
M,14.07,11.025,3.78,186.4375,90.09,9,A3
M,11.55,8.82,3.36,167.5625,78.271875,10,A3
M,8.4,6.09,2.415,34.9375,13.798125,9,A3
M,12.81,9.87,3.465,131.5,61.6275,9,A3
M,11.655,9.66,3.36,107.5,41.394375,10,A3
M,13.02,10.29,3.15,149.375,56.986875,9,A3
M,13.125,10.29,3.465,150.625,64.040625,10,A3
M,9.975,7.77,2.625,81.875,32.9175,10,A3
M,12.6,10.08,3.465,114.5625,51.170625,9,A3
M,13.23,10.29,3.15,149.4375,72.331875,9,A3
M,9.765,7.14,2.205,60.75,28.58625,9,A3
M,8.925,6.825,2.52,46.9375,17.5725,9,A3
M,15.12,11.55,4.305,270.625,136.805625,10,A3
M,13.02,9.975,4.095,169.8125,73.445625,10,A3
M,11.13,8.715,2.52,88.25,41.518125,9,A3
M,12.705,9.975,3.675,156.5625,68.990625,9,A3
M,13.965,10.5,3.675,162.1875,75.178125,9,A3
M,10.5,8.4,2.625,74.6875,33.4125,9,A3
M,12.81,9.87,3.36,127.75,55.56375,9,A3
M,11.445,8.61,2.52,99.125,53.7075,9,A3
M,9.66,7.35,2.52,64.375,27.72,10,A3
M,10.815,8.4,2.94,79.1875,35.64,9,A3
M,15.12,12.285,4.62,244.035,112.14875,11,A4
M,9.87,7.875,2.52,70.95375,27.685,12,A4
M,13.44,12.075,3.675,185.95875,76.5625,11,A4
M,11.55,9.45,3.57,103.275,38.8325,11,A4
M,8.295,6.195,2.415,40.29,14.76125,12,A4
M,15.12,11.76,3.78,202.27875,84.6475,11,A4
M,14.28,11.235,3.885,204.8925,88.75125,12,A4
M,13.02,9.765,3.99,171.04125,69.88625,11,A4
M,13.65,11.025,3.99,205.59375,95.1825,11,A4
M,11.97,9.66,2.94,121.57125,54.69625,12,A4
M,14.07,11.025,3.465,205.08375,83.545,11,A4
M,10.5,7.98,3.255,75.92625,26.15375,12,A4
M,13.545,10.395,3.99,196.2225,74.90875,12,A4
M,15.12,12.075,4.515,277.0575,116.55875,12,A4
M,12.075,9.87,2.94,106.78125,42.69125,11,A4
M,13.23,10.29,3.78,144.075,56.105,12,A4
M,13.65,11.025,3.99,174.48375,73.19375,11,A4
M,11.865,9.24,2.415,117.10875,49.49,11,A4
M,12.6,9.975,3.15,138.8475,63.63875,11,A4
M,12.285,10.71,3.36,155.295,78.2775,11,A4
M,7.98,5.985,2.1,33.97875,14.0875,11,A4
M,12.705,10.5,3.675,139.995,58.37125,12,A4
M,10.185,8.085,2.625,60.88125,24.5,12,A4
M,8.61,6.825,2.52,47.74875,19.355,12,A4
M,7.455,5.88,1.995,31.30125,11.69875,11,A4
M,11.865,9.45,2.94,128.20125,46.36625,12,A4
M,12.915,10.185,4.515,122.59125,51.695,11,A4
M,13.23,10.605,3.15,167.85375,77.48125,11,A4
M,13.965,11.025,3.78,182.1975,82.25875,12,A4
M,7.875,6.3,2.1,31.42875,12.74,11,A4
M,11.55,8.82,3.045,94.15875,39.3225,11,A4
M,12.915,9.87,3.045,131.13375,54.32875,11,A4
M,14.28,11.34,3.99,206.9325,87.77125,12,A4
M,13.965,10.92,3.675,174.99375,74.235,12,A4
M,13.02,10.185,3.255,131.26125,52.0625,12,A4
M,13.44,10.605,3.78,165.3675,72.275,11,A4
M,8.085,6.51,2.1,36.27375,13.04625,11,A4
M,15.75,11.55,3.78,241.3575,115.395,11,A4
M,10.5,8.085,2.835,70.2525,27.50125,11,A4
M,8.61,6.51,2.625,45.83625,17.33375,11,A4
M,13.545,10.92,3.675,208.59,95.4275,11,A4
M,15.12,11.865,4.2,268.45125,124.5825,12,A4
M,14.805,11.55,4.41,189.4363125,80.2375,11,A4
M,13.125,10.5,3.78,174.73875,79.0125,12,A4
M,12.6,10.08,3.255,129.285,55.2475,11,A4
M,11.025,8.4,3.57,93.13875,34.1775,11,A4
M,13.65,10.71,3.675,184.365,79.44125,12,A4
M,10.5,8.61,3.15,84.405,34.48375,11,A4
M,11.76,9.555,3.255,101.6175,41.65,11,A4
M,13.02,10.08,3.255,160.07625,64.5575,11,A4
M,12.81,10.185,3.675,158.67375,66.64,12,A4
M,13.125,9.87,3.78,144.84,55.2475,11,A4
M,13.125,10.185,3.57,183.2175,71.72375,11,A4
M,9.03,7.245,2.415,38.82375,11.33125,11,A4
M,15.015,11.55,3.99,255.57375,128.19625,12,A4
M,15.54,12.495,3.99,296.24625,140.81375,11,A4
M,12.495,9.555,3.045,120.105,52.675,11,A4
M,12.81,10.08,3.465,158.61,77.72625,12,A4
M,12.6,9.66,3.57,150.51375,55.86,11,A4
M,13.125,10.395,3.885,176.39625,87.03625,11,A4
M,13.335,10.395,3.15,137.8275,59.10625,11,A4
M,12.915,9.87,3.675,158.355,69.51875,11,A4
M,13.755,11.025,3.36,186.15,84.035,11,A4
M,13.65,10.605,3.99,162.435,72.275,11,A4
M,14.28,11.445,3.885,213.18,86.66875,11,A4
M,13.335,10.5,3.465,162.3075,80.05375,12,A4
M,12.39,9.66,2.73,140.505,55.7375,12,A4
M,12.495,9.87,3.675,147.2809875,46.795,12,A4
M,13.755,10.71,4.515,227.39625,108.84125,11,A4
M,13.755,10.92,3.78,190.23,88.01625,11,A4
M,14.7,11.655,4.2,236.895,89.425,11,A4
M,14.385,11.13,3.57,198.9,79.2575,11,A4
M,9.87,7.77,2.835,69.7425,27.195,12,A4
M,11.34,8.82,2.835,102.95625,42.69125,11,A4
M,11.55,9.66,2.73,90.33375,37.3625,12,A4
M,11.97,9.555,3.255,106.08,43.91625,11,A4
M,13.125,9.87,3.57,148.72875,56.41125,11,A4
M,9.66,7.875,2.835,62.92125,22.785,12,A4
M,8.4,6.51,2.31,40.035,16.905,11,A4
M,9.555,7.455,2.73,65.6625,24.5,11,A4
M,13.125,10.29,3.465,142.35375,59.96375,11,A4
M,15.435,12.285,3.885,270.81,116.62,11,A4
M,13.335,10.92,3.675,164.73,73.5,11,A4
M,11.76,9.66,4.935,107.03625,40.73125,12,A4
M,9.765,7.56,1.68,62.22,23.3975,11,A4
M,11.55,8.82,3.045,92.3125,39.72375,14,A5
M,12.39,10.5,4.2,148.375,50.985,13,A5
M,13.86,11.13,3.57,173.8125,73.074375,14,A5
M,12.075,9.45,3.885,115.625,42.3225,14,A5
M,15.75,11.655,4.515,275.125,131.360625,13,A5
M,13.125,9.87,3.57,145.8125,56.986875,14,A5
M,11.97,9.765,2.625,106.125,46.839375,14,A5
M,11.97,10.08,3.675,148.125,58.6575,13,A5
M,12.495,10.5,3.465,132.5,49.7475,14,A5
M,12.285,9.555,3.255,141.625,68.248125,14,A5
M,13.02,10.185,3.255,128.6875,52.59375,13,A5
M,12.915,9.975,3.255,134.1875,54.140625,14,A5
M,14.28,10.92,3.465,184.6875,89.595,14,A5
M,13.335,10.5,3.57,179.3125,75.61125,13,A5
M,12.39,10.185,2.52,113.875,48.2625,13,A5
M,14.28,10.92,3.675,192.875,93.121875,14,A5
M,10.5,7.98,3.255,74.4375,26.420625,13,A5
M,11.025,8.4,2.73,103.6875,29.761875,13,A5
M,12.6,9.66,3.255,90.51125,35.26875,14,A5
M,13.65,11.445,3.36,162.61125,60.26625,14,A5
M,11.235,8.61,3.15,101.3125,42.69375,14,A5
M,11.235,9.24,3.15,84.5625,31.68,13,A5
M,11.655,9.45,3.045,119.86625,49.5,13,A5
M,13.23,10.605,3.255,138.125,60.885,14,A5
M,13.335,10.08,3.99,183.375,72.084375,13,A5
M,14.7,11.655,4.2,232.25,90.3375,13,A5
M,14.595,11.13,3.99,215.75,94.359375,13,A5
M,12.495,9.975,3.36,164.6875,50.49,13,A5
M,11.97,8.505,3.36,115.5625,42.631875,13,A5
M,10.92,8.4,2.52,102.875,36.8775,13,A5
M,12.18,9.87,3.465,115.875,39.785625,13,A5
M,13.44,11.025,3.885,213.375,94.42125,13,A5
M,7.35,5.565,1.89,22.1875,7.115625,13,A5
M,11.97,9.555,3.255,104,44.364375,13,A5
M,12.495,9.87,3.045,123.875,49.933125,14,A5
M,14.28,11.34,4.095,222.8125,68.866875,13,A5
M,12.81,10.08,2.94,132.8125,63.855,13,A5
M,13.545,10.5,3.99,153.625,65.5,17,A5
M,11.13,9.135,3.36,110.375,39.5,15,A5
M,12.285,8.505,3.15,157.0625,54.375,15,A5
M,13.23,10.71,3.99,187.3125,51.5625,16,A5
M,12.6,10.395,3.465,155.1875,60.625,15,A5
M,11.97,8.505,3.36,115.5625,43.0625,19,A5
M,13.335,10.815,3.57,159.375,63.625,16,A5
M,11.76,9.45,3.675,126.375,47.9375,15,A5
M,13.545,10.185,3.255,186.125,73.9375,18,A5
M,14.49,11.34,3.885,202.4375,66.625,24,A5
M,12.285,9.555,4.725,131.875,47.6875,15,A5
M,12.39,9.66,3.255,113.25,40.875,15,A5
M,13.44,10.71,3.675,171,64.375,21,A5
M,8.82,6.825,2.415,36.0625,12.5,15,A5
M,13.23,10.815,3.465,169,61,20,A5
M,13.86,11.235,4.2,223.875,91.625,15,A5
M,11.13,8.715,2.73,105.3125,34.375,20,A5
M,10.395,8.4,2.94,97.1875,25.1875,15,A5
M,11.445,8.61,3.045,109.125,37.9375,18,A5
M,10.71,8.715,2.94,102.3125,37.8125,16,A5
M,11.025,8.61,2.73,123.75,48.3125,15,A5
M,14.7,11.13,3.99,164.8125,68.5,18,A5
M,12.915,10.08,3.99,170,66.3125,18,A5
M,12.075,9.135,3.15,100.625,36.625,17,A5
M,9.555,7.665,1.995,64.25,28.0625,15,A5
M,11.865,9.765,3.15,141.0625,47.125,16,A5
M,13.23,10.185,3.675,162.5,54.1875,23,A5
M,12.075,8.4,3.255,116.5625,45.0625,17,A5
M,12.18,9.66,3.465,153.4375,59.125,16,A5
M,14.175,11.655,4.2,179.8125,68.125,21,A5
M,13.44,10.5,3.885,162.9375,55.5625,16,A5
M,9.345,7.245,2.94,59.5,25.6875,15,A5
M,13.335,10.08,4.935,133,51.625,16,A5
M,13.755,11.13,3.675,157.9375,60.75,15,A5
M,12.81,10.29,3.15,137.875,53.125,23,A5
M,13.545,10.185,4.515,189.25,68.25,16,A5
M,13.125,10.5,4.095,171.125,73.4375,17,A5
M,12.705,9.87,2.415,139.25,49.0625,15,A5
M,10.815,8.4,3.36,102.1875,31.4375,23,A5
M,14.595,11.97,4.83,235.625,108.3125,19,A5
M,12.39,10.5,4.2,148.375,51.5,16,A5
M,11.76,9.45,3.36,115.25,54,15,A5
